"","X","site","cwd_total_10_yr","cwd_normal_cum","cwd_normal_summer","cwd_peak_summer","cwd_peak_anom","vpd_normal_growing_season_avg","vpd_normal_annual_max","vpd_peak_vpd","vpd_peak_anom","avg_summer_tmax","peak_tmax","peak_winter_tmin","avg_ann_ppt","min_ann_ppt","X","tmean","ppt","Pndjfm","X","Avg_pdc","Avg_delta_pdc","Weighted_pdc","prop_died","n.died","Cluster","Swness","Slope","Elev","Tpi","Cum_cwd","Percent.Clay","Avg_depth","Pct_pimo","Pct_juos","SDI.Plot","Weighted_pimo","Weighted_juos","avg_height","avg_Diam","avg_ENN","avg_BA","avg_BA_2m","avg_BA_4m","avg_BA_6m","fdsi_anom","BA.Plot","Dens.Plot","AWC"
"1",-1.70727127289778,"DES1014",0.62254414679506,0.582943227216783,0.34215073544825,0.297895599729952,-0.413529947817391,0.48242511539564,0.397096290792701,0.110248344287751,-0.752510278757733,1.01783387359401,-0.838087069593126,-0.13515695329301,-1.27171349642281,-1.07266382769594,1.30402306513926,0.5968788590804,-1.15393087494441,-1.20634818034744,-1.70569637499932,2.29203964543846,-14.375,-174.436018179587,3.4638003504967,2.82436069553269,"DES1014",-1.62996272155117,-0.205476694508587,-0.282313539515928,-1.57978274363409,-1.1990427982188,-0.480863207902275,0.165538531218264,1.25305909468395,-1.17628772737907,0.246578624613468,0.0939132209427012,NA,1.06648602060449,0.471845332400513,-0.593010713554469,0.441483670667317,0.821788780144769,1.02509857359401,1.2737657434565,-1.0216530007998,1.48995105801052,0.438113840410036,-0.115051882671269
"2",-1.67392214299067,"DES1014120",0.62254414679506,0.582943227216783,0.34215073544825,0.297895599729952,-0.413529947817391,0.48242511539564,0.397096290792701,0.110248344287751,-0.752510278757733,1.01783387359401,-0.838087069593126,-0.13515695329301,-1.27171349642281,-1.07266382769594,1.37278511000536,0.5968788590804,-1.15393087494441,-1.20634818034744,-1.67052737757666,0.271936727970615,-14.0178571428571,-126.832289284137,-0.0132960624125319,0.237563049156955,"DES1014",-1.61724720070719,-0.444560714750275,-0.261736409699755,-0.848971440287336,-0.587815398840442,0.329090757908119,-0.0826941897229971,0.516423753394149,-0.423898077658958,0.396596247202572,0.329597551076231,0.663884292513391,0.863580535108769,-0.373407182956566,-0.621639264142369,-0.249747803494777,-0.312000354035914,-0.263463697362111,-0.0631036198617679,-1.0216530007998,0.655844029944073,0.509198536370605,-1.68873543809322
"3",-1.64057301308355,"DES1014240",0.62254414679506,0.582943227216783,0.34215073544825,0.297895599729952,-0.413529947817391,-1.22371875123647,-1.15993101118986,-0.803140027444055,1.13377403737248,-0.874984625743853,0.0706588216282179,2.14376815360009,0.202683887833084,0.163700404562595,1.44154715487146,-0.685230266149994,0.637743242158282,0.406842921828536,-1.63535838015399,0.872861451619281,-1.75438596491228,-28.7625748851626,1.98081334788872,1.43146965517653,"DES1014",-1.68798582497936,-0.324628964331989,-0.155518546697901,-0.882056825882024,-1.1990427982188,-0.431775088762251,1.42205673450119,1.00216801452008,-0.918013834768151,-0.430216722110944,0.955014336224562,1.94374010314224,0.989576784010332,0.367594500715175,-0.817921853673749,0.609361804803868,2.85441520198124,2.29440607261233,1.88554038740727,-0.944984790779445,1.77985792910131,0.473656188390321,0.0683385974113233
"4",-1.60722388317644,"DES1014360",0.62254414679506,0.582943227216783,0.34215073544825,0.297895599729952,-0.413529947817391,0.48242511539564,0.397096290792701,0.110248344287751,-0.752510278757733,1.01783387359401,-0.838087069593126,-0.13515695329301,-1.27171349642281,-1.07266382769594,1.33840408757231,0.5968788590804,-1.15393087494441,-1.20634818034744,-1.60018938273133,0.509006657127997,-15.25,-143.890759395797,0.0297739690423519,-0.160405819516235,"DES1014",-0.152068555437935,-0.780809156368033,-0.277150341045868,-1.52718074490801,0.253149937127772,-0.456319148332263,-0.842746952274997,1.01588166059287,-0.934544455442421,-0.40166943023489,0.307168678572206,0.876888482689108,1.12236965431043,-0.32454883128468,-0.590790517575265,-0.384173013432309,-0.0595218519030484,-0.416090902406253,-0.285299844565443,-1.0216530007998,-0.22993863990588,-0.0950213792942299,0.0733703346673339
"5",-1.57387475326933,"DES105",-0.541842018547039,-0.60106434083645,-1.25261405962361,-1.65299268640491,-0.0664655674686639,1.82592932772997,1.819620875375,1.47956377839296,-1.11242604226958,1.69047295350566,-1.43040311457598,0.665919715025012,-1.4703502222947,-1.25979260768482,-1.3433156622056,1.87898957225277,-1.32513582665241,-1.214314767114,-1.56502038530866,1.58656611121786,-0.769230769230769,1.37851320012284,3.31373618951851,2.02842295818631,"DES105",0.0695217959286566,1.29758924093314,-1.15335606823503,-1.09983244473693,-0.876407648881522,-0.0390701356420598,-0.289981306782633,1.49174709798016,-1.42029677594131,-0.431756351335719,1.21577308887393,NA,-0.460191486430132,-0.0695570848268177,-0.566760159187964,-0.170451144416164,0.525414384929691,0.536452234702934,0.521453222472076,-1.12483026967017,0.57989969413393,0.367029144449468,0.150200328180206
"6",-1.54052562336222,"DES105120",-0.541842018547039,-0.60106434083645,-1.25261405962361,-1.65299268640491,-0.0664655674686639,1.82592932772997,1.819620875375,1.47956377839296,-1.11242604226958,1.69047295350566,-1.43040311457598,0.665919715025012,-1.4703502222947,-1.25979260768482,-1.30893463977255,1.87898957225277,-1.32513582665241,-1.214314767114,-1.52985138788599,-0.804136125887166,-6.81818181818182,-56.6944883395973,-0.00434914766586818,-0.458882471021127,"DES105",0.496612855897264,1.16680971890273,-0.924949742961541,-1.09983244473693,-0.523432430568612,-0.358142910052215,-0.059662287827482,1.49174709798016,-1.42029677594131,-1.29548834643501,0.876380210334834,NA,-0.644086589209726,-0.793546822544774,2.77215829944157,-0.7505260415705,-1.44043552709599,-1.48912268704006,-1.62239806562161,-1.12483026967017,-1.51401189756965,-1.12574947072248,-0.275888421701934
"7",-1.50717649345511,"DES105240",-0.541842018547039,-0.60106434083645,-1.25261405962361,-1.65299268640491,-0.0664655674686639,1.82592932772997,1.819620875375,1.47956377839296,-1.11242604226958,1.69047295350566,-1.43040311457598,0.665919715025012,-1.4703502222947,-1.25979260768482,-1.37769668463865,1.87898957225277,-1.32513582665241,-1.214314767114,-1.49468239046333,1.54733854488432,-20.4545454545455,-251.672757722013,1.46294487078752,-0.0609136023479373,"DES105",-1.45180592000556,1.79918478721812,-1.05818030445591,-1.26500271115476,-0.659586453545487,2.12080710651899,0.0554972216500936,1.13876010936296,-1.05799873689491,-1.05569109467616,-0.471365442106163,NA,0.198717059985134,0.822885900480608,2.02206183814148,0.466690773771803,-1.44043552709599,-1.26789661736731,-1.40148991133569,-1.12483026967017,-1.39958798649979,-1.23237651466333,-1.62004726850337
"8",-1.47382736354799,"DES105360",-0.541842018547039,-0.60106434083645,-1.25261405962361,-1.65299268640491,-0.0664655674686639,1.82592932772997,1.819620875375,1.47956377839296,-1.11242604226958,1.69047295350566,-1.43040311457598,0.665919715025012,-1.4703502222947,-1.25979260768482,-1.4120777070717,1.87898957225277,-1.32513582665241,-1.214314767114,-1.45951339304066,-0.393021544892846,-13.6666666666667,-120.481306529109,-0.037696738994354,0.0385786148203602,"DES105",-1.56285854147905,-0.493105034020503,-1.24304957969983,-1.06702770999791,-0.876407648881522,-0.480863207902275,0.539167161455911,1.49174709798016,-1.42029677594131,-0.845050571361504,0.503594384491455,NA,-0.0825166745704813,-1.50809436915785,-0.854012805306711,-1.20782057575858,-0.498547022736542,-0.706999582043276,-0.689232310052943,-1.12483026967017,-0.96194675752317,0.0116056646466234,-0.00408527071329814
"9",-1.44047823364088,"DES998",0.733388871113612,0.725078211029489,0.125545577332864,-0.249442151426251,-0.991849735880466,-0.39182655279686,-0.514057159075296,-1.3401264721912,-1.83333285025719,0.567532894243482,-1.17767396370459,-0.397579063346769,-1.44295389610147,-1.24728904967253,1.40716613243841,-0.135754699916679,-1.27674356853981,-1.42937970387205,-1.42434439561799,-0.985259268372018,-2,-21.2882082353739,-0.517902054124555,-0.558374688189425,"DES998",0.786304090870061,0.472920315524226,0.0462746441778031,0.383856142987483,0.806678481153364,-1.70806618640287,-0.865778854170512,0.773310493445289,-0.682971714944931,-0.428580866059619,1.20390883062535,0.470193387072199,1.47464060605058,0.842585290361107,0.255141080806361,0.531395915851253,0.183654498856585,-0.458323530547052,-0.00163600100462616,-1.01571337007384,-0.112469599956932,-0.521529555057643,0.548318597130045
"10",-1.40712910373377,"DES998120",0.733388871113612,0.725078211029489,0.125545577332864,-0.249442151426251,-0.991849735880466,-0.39182655279686,-0.514057159075296,-1.3401264721912,-1.83333285025719,0.567532894243482,-1.17767396370459,-0.397579063346769,-1.44295389610147,-1.24728904967253,1.13211795297401,-0.135754699916679,-1.27674356853981,-1.42937970387205,-1.38917539819533,-0.549156944719172,-7.72727272727273,-131.020995813373,-0.737996156892564,-0.657866905357722,"DES998",1.17846018858324,1.51687228884092,0.171401587588499,1.32537286064916,1.13051998510352,-1.1435528162926,-1.39551259776736,-1.52050303245257,1.50197405380044,-0.542577579910736,0.8354956020566,-0.259970509055475,-1.37232964943474,1.04876085570162,2.60635084793089,1.16172315500274,-1.44043552709599,-1.07768241463324,-0.999638210574771,-1.01571337007384,-0.961739430024209,-1.09020712274219,-0.398292202960762
"11",-1.37377997382666,"DES998240",0.733388871113612,0.725078211029489,0.125545577332864,-0.249442151426251,-0.991849735880466,-0.39182655279686,-0.514057159075296,-1.3401264721912,-1.83333285025719,0.567532894243482,-1.17767396370459,-0.397579063346769,-1.44295389610147,-1.24728904967253,1.09773693054096,-0.135754699916679,-1.27674356853981,-1.42937970387205,-1.35400640077266,-1.02842336858124,-4.16666666666667,-55.9031235019157,-0.473883233570953,-0.558374688189425,"DES998",0.919134612651154,-0.0568991404895367,-0.0573228302365631,0.383856142987483,0.806678481153364,-1.53625776941279,-0.865778854170512,0.587601985449239,-0.510855253604674,-0.73855954998117,0.811866859565383,1.04392617143956,0.663276295443892,0.0304920315718692,0.637900680350835,-0.241280018432521,-1.2812383795998,-0.852969987002359,-0.888347573940186,-1.01571337007384,-0.762445871648059,-0.628156598998496,-0.980719375210218
"12",-1.34043084391954,"DES998360",0.949771502083027,0.949656469161382,0.369648122355738,0.0299464799335201,-1.06471899201152,-0.39182655279686,-0.514057159075296,-1.3401264721912,-1.83333285025719,0.567532894243482,-1.17767396370459,-0.397579063346769,-1.44295389610147,-1.24728904967253,1.06335590810791,-0.135754699916679,-1.27674356853981,-1.42937970387205,-1.31883740334999,0.697407940991016,-13.1818181818182,-269.748449593905,0.8466813830371,-0.0609136023479373,"DES998",-0.0348717528711919,0.508116029607079,0.0366600884603222,1.13276715079251,0.0306661778731109,-1.09446469715257,-0.336045110573664,-0.398660162096221,0.368979354613707,0.399867959305221,0.0522427689705669,-3.01735895162893,1.71378900869751,3.36932546873121,1.33702223446748,4.01280125069528,-0.414357736659127,-0.0121356306163511,0.989100024312601,-1.01571337007384,1.31271404078521,-0.734783642939349,1.37382712247178
"13",-1.30708171401243,"DIA248",-1.77753159653925,-1.75366932977655,-1.69121191836141,-1.76013941513457,1.19354593559939,-1.85763042366361,-1.92512479473776,-1.66112503582893,1.15282955375771,-1.6989740168854,0.854208625695616,-0.922421966270932,1.83212091763887,1.89342352603082,0.272592392147755,-1.91738829422343,1.94703631698125,1.73733028196705,-1.28366840592733,-0.49398601078224,-11.8421052631579,-191.13453956828,-0.137739512979812,-0.458882471021127,"DIA248",0.223188167779508,1.89932671620545,1.8746366278494,-0.996035089495667,-3.46610544923693,0.157282340918036,0.677358572829002,-0.469571277531377,-1.42029677594131,-0.719185882236073,0.879772885283381,NA,-0.190065745511962,0.811316079877726,0.540486658698029,0.633045236204354,-0.458970120098619,-0.623536261924855,-0.725493056362728,1.29996443618141,-0.575075682149374,-0.805868338899918,-1.67701407927559
"14",-1.27373258410532,"DIA248120",-1.77753159653925,-1.75366932977655,-1.69121191836141,-1.76013941513457,1.19354593559939,-1.85763042366361,-1.92512479473776,-1.66112503582893,1.15282955375771,-1.6989740168854,0.854208625695616,-0.922421966270932,1.83212091763887,1.89342352603082,1.61345226703671,-1.91738829422343,1.94703631698125,1.73733028196705,-1.24849940850466,-0.334650649450863,-28.5714285714286,-425.963192771072,-0.737996156892564,-0.657866905357722,"DIA248",-0.0194063082794807,1.11003754890874,2.04059779986632,0.29334701201848,-3.46610544923693,0.96723630672843,0.35491194629179,1.49174709798016,-1.42029677594131,-1.37012828822779,-1.28171675776628,NA,1.44093244921377,0.126624739123398,2.25510770230888,-0.21577283221208,-1.44043552709599,-1.23427688375535,-1.1193809241077,1.29996443618141,-1.51772669104576,-1.23237651466333,0.315930034385568
"15",-1.24038345419821,"DIA248240",-1.77753159653925,-1.75366932977655,-1.69121191836141,-1.76013941513457,1.19354593559939,-1.85763042366361,-1.92512479473776,-1.66112503582893,1.15282955375771,-1.6989740168854,0.854208625695616,-0.922421966270932,1.83212091763887,1.89342352603082,0.238211369714705,-1.91738829422343,1.94703631698125,1.73733028196705,-1.21333041108199,-0.981677185367105,-18.3333333333333,-246.618413092915,-0.737996156892564,-0.657866905357722,"DIA248",-0.118852295524834,0.396693717277463,1.62056950735828,0.192102583716984,-3.63446602593982,0.329090757908119,-0.49726842384227,1.49174709798016,-1.42029677594131,-0.853710985750868,-0.233581834271789,NA,1.27302992598759,-0.0256652926727684,0.729975594212268,-0.315115364057203,-0.765208660505391,-0.979511889601267,-1.13261162922621,1.29996443618141,-1.19202664140636,-0.948037730821056,2.21249841998056
"16",-1.2070343242911,"DIA248360",-2.70077024215309,-2.66340775455175,-3.02195316595069,-3.05691482335158,2.89370763261236,-1.85763042366361,-1.92512479473776,-1.66112503582893,1.15282955375771,-1.6989740168854,0.854208625695616,-0.922421966270932,1.83212091763887,1.89342352603082,0.306973414580805,-1.91738829422343,1.94703631698125,1.73733028196705,-1.17816141365933,-1.46991509893693,-5.55555555555556,-85.3173403674399,-0.737996156892564,-0.657866905357722,"DIA248",0.582691797477653,2.60050198966105,1.73099822170547,-0.996035089495667,-3.12220381624675,-0.431775088762251,-0.243917502991603,-0.0706470072343969,-1.42029677594131,-0.977715289563028,0.875356385350362,NA,0.271119787392006,0.347453492837049,0.862868289273405,-0.0345710548141636,-1.38010475387665,-0.981773129329005,-0.866881850701063,1.29996443618141,-0.938561541572061,-0.841410686880203,1.94415317789723
"17",-1.17368519438398,"DIA333",-0.281154151500487,-0.20054963012346,0.22169850762558,0.216738776162648,-0.247193045482436,-0.0638847842071537,-0.0944347616457992,-0.0886923480995232,0.0119975903648743,-0.0477804843901254,-0.145219862119169,-1.53013545982743,0.150349644644518,-0.0196137584414328,0.341354437013855,-0.535373798795183,0.012691014539514,-0.0972482589843469,-1.14299241623666,-0.214693512631528,-18.6055555555556,-282.504643724549,-0.737996156892564,-0.657866905357722,"DIA333",0.949419729992144,-1.0178048181826,-0.520173431784282,-0.258438373271042,0.073973298251619,0.280002638768095,1.57560274675409,-0.104275058621976,0.187270604037805,0.951760885169687,-1.14393056243124,-0.342003508000086,1.79843111526783,1.20301781931451,0.268835915498046,1.11436842418861,-0.0240540007304538,0.237748455048187,0.338789297086404,0.882755256674824,0.746053340689664,-0.308275467175936,0.293500735662415
"18",-1.14033606447687,"DIA333120",-0.281154151500487,-0.20054963012346,0.22169850762558,0.216738776162648,-0.247193045482436,-0.0638847842071537,-0.0944347616457992,-0.0886923480995232,0.0119975903648743,-0.0477804843901254,-0.145219862119169,-1.53013545982743,0.150349644644518,-0.0196137584414328,0.410116481879956,-0.535373798795183,0.012691014539514,-0.0972482589843469,-1.10782341881399,-0.991323223173195,-4.10714285714286,-32.5609386313267,-0.543795477979614,-0.558374688189425,"DIA333",0.895087162304886,-1.01456889110189,-0.489667530648161,-0.258438373271042,0.073973298251619,0.304546698338108,-0.773651246588451,-0.329118465755007,0.411242271603552,0.784454509410704,0.831220793707389,1.30900984423708,0.769561704168235,1.23453661972245,0.125091814812079,1.24918284925392,0.189694680671412,-0.0306239279389757,0.288180686601011,0.882755256674824,0.366793486253288,-0.521529555057643,-1.60259074903869
"19",-1.10698693456976,"DIA333240",-0.281154151500487,-0.20054963012346,0.22169850762558,0.216738776162648,-0.247193045482436,-0.0638847842071537,-0.0944347616457992,-0.0886923480995232,0.0119975903648743,-0.0477804843901254,-0.145219862119169,-1.53013545982743,0.150349644644518,-0.0196137584414328,1.64783328946976,-0.535373798795183,0.012691014539514,-0.0972482589843469,-1.07265442139133,-0.424500456148153,-18.4545454545455,-234.21802253822,-0.418504717390616,-0.35939025385283,"DIA333",1.00451744382678,-0.808112629427693,-0.589926967773315,-0.258438373271042,-0.250688798908823,0.230914519628072,-0.727587442797421,0.925012854959695,-0.87489326011699,0.643257679255213,-0.141491572674108,-1.01675979103945,1.03860365714604,-0.496173182548143,-0.310555743275686,-0.596743684858199,-0.153227950092718,-0.33812642433901,-0.247041058951881,0.882755256674824,0.175306828573874,0.509198536370605,0.274399971585558
"20",-1.07363780466265,"DIA333360",-0.281154151500487,-0.20054963012346,0.22169850762558,0.216738776162648,-0.247193045482436,-0.0638847842071537,-0.0944347616457992,-0.0886923480995232,0.0119975903648743,-0.0477804843901254,-0.145219862119169,-1.53013545982743,0.150349644644518,-0.0196137584414328,0.375735459446905,-0.535373798795183,0.012691014539514,-0.0972482589843469,-1.03748542396866,-0.501117388846941,-19.3478260869565,-308.615130463792,-0.737996156892564,-0.657866905357722,"DIA333",0.641733178109508,-1.76492397703493,-0.53026319182685,-0.256174276135187,0.0270136577015966,0.869060068448382,-0.49726842384227,0.0280080158267109,0.0462019701260336,-0.528175631537311,-0.274894395381772,-2.59281607901426,1.10009589450395,0.91349657316286,-0.0478946871180813,0.638459897862328,0.282254685484032,0.13274238109018,-0.285771020493819,0.882755256674824,-0.306757507122357,-0.663698946978781,0.355783672570415
"21",-1.04028867475553,"FC791",0.72426101804959,0.631947688532511,0.412921690798035,0.165966625526783,-0.892742508235322,-0.626426853396433,-0.63570573866307,-0.256692392956131,1.02421832946421,-0.491116861376415,-0.196279681606234,-0.30089714667016,-0.148498704395562,-0.679544846309113,1.68221431190281,-0.635278375022056,-0.328561557994597,-0.56906481765136,-1.00231642654599,-0.660802149971331,-14.0925925925926,-201.124974037032,-0.631499010391914,-0.558374688189425,"FC791",0.832074788227693,-1.54477700480116,0.811334969610765,0.868895082329174,0.300326867931922,0.96723630672843,-1.0039702655436,-0.644397751341353,0.621797423018362,0.972481728486463,0.405635417898037,-1.77601969824903,-0.719836799647337,-0.102923908680876,-0.455906034463128,0.10132712482563,-0.403340752879462,0.665327184413028,0.689308863631255,-0.0379468533341599,0.982548579941645,0.402571492429752,0.27696214703049
"22",-1.00693954484842,"FC791120",0.72426101804959,0.631947688532511,0.412921690798035,0.165966625526783,-0.892742508235322,-0.626426853396433,-0.63570573866307,-0.256692392956131,1.02421832946421,-0.491116861376415,-0.196279681606234,-0.30089714667016,-0.148498704395562,-0.679544846309113,0.753926706210457,-0.635278375022056,-0.328561557994597,-0.56906481765136,-0.967147429123329,-1.02277769428001,-6.41304347826087,-48.5674552474891,-0.737996156892564,-0.657866905357722,"FC791",-0.392560317836263,-0.831356307722336,0.787660316352034,0.855603538567465,0.300326867931922,2.12080710651899,-1.07306597123015,0.128337289315224,-0.0283081505076904,-0.100383236311554,0.89183276025107,1.01200271751813,-1.13934153720861,-0.912131058373851,-0.613196686547758,-0.854845472484189,-0.559595084461249,-0.394298583266783,-0.509481996915253,-0.0379468533341599,-0.477274123155017,0.153775056567761,2.16188414406417
"23",-0.973590414941309,"FC791240",0.5232713978352,0.429041650104757,0.259701357946182,0.0518207391669125,-0.712538414562215,-0.626426853396433,-0.63570573866307,-0.256692392956131,1.02421832946421,-0.491116861376415,-0.196279681606234,-0.30089714667016,-0.148498704395562,-0.679544846309113,0.719545683777407,-0.635278375022056,-0.328561557994597,-0.56906481765136,-0.931978431700662,-0.330476883092458,-11.5625,-150.694579525663,-0.737996156892564,-0.657866905357722,"FC791",1.16415828390361,-1.0850501760584,0.765494662252565,0.664979255920093,0.363888974940721,0.476355115328191,-0.458881921066943,-1.31892405972377,1.37386397340403,0.369684811377843,0.375873735309677,-0.0236145345660774,-1.28572584237072,1.54616065407692,0.00731887019792991,1.77933266408424,-0.164917830511442,1.168257267537,0.875816085426814,-0.0379468533341599,1.19405552034837,-0.343817815156221,0.19420459697173
"24",-0.940241285034197,"FC791360",0.437332453340667,0.394250429542634,0.359356575044306,0.0772305417095602,-0.935054325970387,-0.626426853396433,-0.63570573866307,-0.256692392956131,1.02421832946421,-0.491116861376415,-0.196279681606234,-0.30089714667016,-0.148498704395562,-0.679544846309113,0.788307728643508,-0.635278375022056,-0.328561557994597,-0.56906481765136,-0.896809434277996,-0.247953467549968,-10.2631578947368,-174.26368285042,-0.737996156892564,-0.657866905357722,"FC791",-1.51957025436649,-1.27603591314804,0.79671821209041,0.868895082329174,0.24470630925575,0.304546698338108,-1.37248069587184,-1.34268780561645,1.28223492857888,1.09706339325791,0.300106455423354,-0.396445753567532,-1.17945421189485,0.807432694030255,-0.411674667681907,0.968207628510524,0.485380246723574,2.14414719846971,1.99158228847637,-0.0379468533341599,0.999765545973302,-0.130563727274514,0.238655769750301
"25",-0.906892155127084,"FC795",0.389678794937255,0.286862343416539,0.121747998994313,-0.226667378625417,-0.931193350795317,-0.497997927628151,-0.446898946301342,-0.00967862837244314,1.1034324750136,-0.266635951661529,-0.43299131502088,-0.466637010751472,-0.213655656640765,-0.72277735740173,0.822688751076558,-0.518722639105201,-0.386208050360175,-0.607639896826523,-0.861640436855329,0.0927430256497752,-3.10714285714286,-71.5140703337875,0.0623460349911036,-0.259898036684532,"FC795",0.616663135825669,-0.216779163134394,0.456928886870452,-0.427277736401663,0.412791947611646,2.53805611920919,-0.681523639006391,-1.82553230295421,1.71807288670937,1.21506955821522,0.740966035185181,0.728609417806448,-1.77680033285607,2.47936285333643,0.0102441826440992,2.48078826393953,1.00529782154512,1.16209778371717,0.786202540010932,-0.0654948881542256,1.30113414659948,-0.485987207077358,2.19391112510605
"26",-0.873543025219972,"FC795120",0.389678794937255,0.286862343416539,0.121747998994313,-0.226667378625417,-0.931193350795317,-0.497997927628151,-0.446898946301342,-0.00967862837244314,1.1034324750136,-0.266635951661529,-0.43299131502088,-0.466637010751472,-0.213655656640765,-0.72277735740173,0.857069773509608,-0.518722639105201,-0.386208050360175,-0.607639896826523,-0.826471439432663,0.229271560751368,-4.04761904761905,-76.085860225175,-0.737996156892564,-0.657866905357722,"FC795",0.538659937887284,-0.151974012565352,0.535024608370689,0.275534700059404,0.412791947611646,0.010017983497964,-0.58939603142433,-2.21770878427804,2.38939074422535,0.102591216488071,NA,0.674839554440011,-2.35691970658302,3.47988295335248,0.589008148843306,3.42803000653029,0.773364408956695,-0.234326092067826,0.193854187273035,-0.0654948881542256,1.00903139762744,-0.734783642939349,0.172082344705456
"27",-0.84019389531286,"FC795240",0.389678794937255,0.286862343416539,0.121747998994313,-0.226667378625417,-0.931193350795317,-0.497997927628151,-0.446898946301342,-0.00967862837244314,1.1034324750136,-0.266635951661529,-0.43299131502088,-0.466637010751472,-0.213655656640765,-0.72277735740173,0.925831818375708,-0.518722639105201,-0.386208050360175,-0.607639896826523,-0.791302442009996,0.293690904141689,-2.38636363636364,-31.2214230708106,0.8466813830371,0.536039700661848,"FC795",0.400335321589281,-0.204664735555584,0.381932635231892,0.00260422398174628,0.412791947611646,-0.284510731342179,-1.05003406933463,-2.09191486492755,2.15135213273328,3.88879608508284,0.879286321731438,1.100450208649,-2.38253252912419,1.75344119395486,-0.160551718636496,2.1539730868443,1.38510433778435,1.98450001122881,2.09783779753134,-0.0654948881542256,2.9454232276171,0.153775056567761,0.0254726602512252
"28",-0.806844765405747,"FC795360",0.389678794937255,0.286862343416539,0.121747998994313,-0.226667378625417,-0.931193350795317,-0.497997927628151,-0.446898946301342,-0.00967862837244314,1.1034324750136,-0.266635951661529,-0.43299131502088,-0.466637010751472,-0.213655656640765,-0.72277735740173,0.891450795942658,-0.518722639105201,-0.386208050360175,-0.607639896826523,-0.75613344458733,0.8006138000352,-14.4642857142857,-242.805637766664,0.32697530811393,-0.160405819516235,"FC795",0.721529867111398,-0.14433088054894,0.425071090404019,-0.578876903291424,0.35822666232154,-1.19264093543262,-0.266949404887118,-1.76817493114242,-0.863818627601638,1.37432495615298,-0.4388143404812,-0.657423723007867,-1.07491273576301,1.49206531628482,0.112178412718061,1.34991177414359,-0.339930572361254,0.48878336029713,0.701418609905627,-0.0654948881542256,0.518087066376733,-0.485987207077358,-2.29348022222606
"29",-0.773495635498635,"NP342",1.2572136026037,1.22973350313721,0.890963233942589,0.798192539870461,-0.859281258865303,0.788420990704417,0.770984038469057,0.472586340576657,-0.84707017147245,0.626465842893904,-0.55770128650425,0.513991506283815,-1.14613950526025,-1.00760313985611,-0.139979877048847,1.02979948336784,-1.01665860580878,-1.0429778216182,-0.720964447164663,0.077902967486555,-33.1666666666667,-362.15245679244,-0.020297995692535,-0.160405819516235,"NP342",0.459096244516739,-0.435141990895436,-0.192857626241396,-0.0799757759960598,0.218872340902503,-0.284510731342179,-1.07306597123015,0.517717550209107,-0.422062792641597,-1.07419872098232,-0.975726642581395,-1.41657312409269,-0.0736442970313093,-0.755004194014336,-0.153041272402209,-0.831432239207089,-0.325196809506365,-0.710182311259744,-0.71185993704006,-1.21455361768352,-0.962236051707766,-0.450444859097074,0.161496165386595
"30",-0.740146505591523,"NP342120",1.2572136026037,1.22973350313721,0.890963233942589,0.798192539870461,-0.859281258865303,0.788420990704417,0.770984038469057,0.472586340576657,-0.84707017147245,0.626465842893904,-0.55770128650425,0.513991506283815,-1.14613950526025,-1.00760313985611,-0.0712178321827467,1.02979948336784,-1.01665860580878,-1.0429778216182,-0.685795449741997,-0.0250330723182982,-20.7954545454545,-226.998247090846,-0.137739512979812,-0.160405819516235,"NP342",0.0326308209656329,-0.722986852794819,-0.289303829696819,-0.0799757759960598,0.636330963499078,0.869060068448382,-1.02700216743912,-0.156959950869625,0.25521531053036,-0.272083970482917,-0.214424652768064,-0.329618243257069,-0.771457728370649,-0.571638982328705,-0.463434678507612,-0.449409208687736,-0.258399652045247,-0.670844055993857,-0.67376833541307,-1.21455361768352,-0.0951501586697036,0.0826903606071922,0.308943580529141
"31",-0.706797375684411,"NP342240",1.2572136026037,1.22973350313721,0.890963233942589,0.798192539870461,-0.859281258865303,0.788420990704417,0.770984038469057,0.472586340576657,-0.84707017147245,0.626465842893904,-0.55770128650425,0.513991506283815,-1.14613950526025,-1.00760313985611,-0.105598854615797,1.02979948336784,-1.01665860580878,-1.0429778216182,-0.65062645231933,-0.305843477722265,-30.8823529411765,-317.553102353026,-0.077713848588537,-0.458882471021127,"NP342",-0.604449709119985,-0.126575828254212,-0.20564923052547,-0.0799757759960598,0.636330963499078,-0.701759744032382,-0.036630385931967,0.380002420412296,-0.401513803178392,-1.2674863399094,-0.330929931100464,-2.19562231530376,-0.518059381878514,-0.249895562797873,0.864801834503003,-0.396670624702172,-1.24818292296028,-1.26459467526081,-1.28799592720133,-1.21455361768352,-1.14058832729643,-0.876953034860487,-0.240235449924513
"32",-0.673448245777298,"NP342360",1.2572136026037,1.22973350313721,0.890963233942589,0.798192539870461,-0.859281258865303,0.788420990704417,0.770984038469057,0.472586340576657,-0.84707017147245,0.626465842893904,-0.55770128650425,0.513991506283815,-1.14613950526025,-1.00760313985611,-0.174360899481897,1.02979948336784,-1.01665860580878,-1.0429778216182,-0.615457454896664,0.781195426055671,-31.9148936170213,-298.118356653466,0.802662562483496,0.735024134998443,"NP342",-1.59047571501667,-1.08570732150436,-0.0949800102761947,0.130158138588384,0.218872340902503,-1.5608018289828,0.838581886097608,-0.520127148729748,0.645939473556679,-0.290527445571379,-1.68037575961914,0.138780543376249,-1.253258719037,-0.569347284782761,-0.286166613791513,-0.500511368108136,-0.86212940547984,-0.451217176481334,-0.311144579571785,-1.21455361768352,-0.0359221379799849,0.189317404548045,-0.9410134373299
"33",-0.506702596241737,"RAV339",2.20556021393237,2.27302297023886,1.96899596076666,1.81920976893577,-1.54687704700929,1.42472203849469,1.35482270374943,1.64807523891123,0.302257133318197,1.70092034244014,-0.317875878747127,0.900718185102719,-1.14555588839141,-0.921138142934191,1.16649897540706,1.26291095520155,-1.17995875812782,-0.843173021259226,-0.580288457473997,1.88888473200441,-47.5925925925926,-484.029008238661,1.56775158639134,1.53096187234482,"RAV339",-1.44062788267953,-0.600272789697575,-1.77064860772188,-0.315000762464742,0.814418587850242,-0.333598850482203,2.15140029414197,-0.519531997984284,0.643267451407883,-0.0526226547346507,-3.17169209988093,-0.685315050237674,1.15983659036029,-0.74291511805595,-0.489926724975472,-0.764254996204903,-0.292941810723145,-0.340062384085784,-0.245306675958092,-1.40285876469062,-0.120181441640317,0.438113840410036,0.040916099747338
"34",-0.473353466334624,"RAV339120",2.20556021393237,2.27302297023886,1.96899596076666,1.81920976893577,-1.54687704700929,1.42472203849469,1.35482270374943,1.64807523891123,0.302257133318197,1.70092034244014,-0.317875878747127,0.900718185102719,-1.14555588839141,-0.921138142934191,1.26964204270621,1.26291095520155,-1.17995875812782,-0.843173021259226,-0.545119460051331,1.98829716464617,-43.0645161290323,-468.98953440925,1.51662635926753,2.12791517535461,"RAV339",-1.24067448364603,-0.652920208210315,-1.84389728482907,-0.315000762464742,0.633851827453152,-1.46262559070275,2.15140029414197,-0.220697212163401,0.33017177840518,0.435632263172411,-2.3886314490999,-1.40051901824208,1.69623519746671,-0.603465128476511,-0.821824308136349,-0.689015819775039,0.965834748217195,0.298401188929829,0.0880914731937092,-1.40285876469062,0.215602527216632,0.686910276272027,-0.634021658543035
"35",-0.440004336427512,"RAV339240",2.20556021393237,2.27302297023886,1.96899596076666,1.81920976893577,-1.54687704700929,1.42472203849469,1.35482270374943,1.64807523891123,0.302257133318197,1.70092034244014,-0.317875878747127,0.900718185102719,-1.14555588839141,-0.921138142934191,1.20087999784011,1.26291095520155,-1.17995875812782,-0.843173021259226,-0.509950462628664,1.4257512501607,-45.625,-499.235196464028,0.346049423905092,0.43654748349355,"RAV339",-1.48653377503313,0.521811178875596,-1.61636572003082,0.140626542124586,1.03162502523668,-1.02083251844254,2.15140029414197,0.0415276308781265,0.0609490203604585,-0.00685076090641668,-3.55111810048236,-0.235248916309566,-0.0540193200849259,-0.762815401205124,-0.10591873532136,-0.735004692157636,-0.637393507198786,-0.56951413579958,-0.448254294560642,-1.40285876469062,-1.05547496470703,-0.628156598998496,1.69617929661151
"36",-0.4066552065204,"RAV339360",2.20556021393237,2.27302297023886,1.96899596076666,1.81920976893577,-1.54687704700929,1.42472203849469,1.35482270374943,1.64807523891123,0.302257133318197,1.70092034244014,-0.317875878747127,0.900718185102719,-1.14555588839141,-0.921138142934191,1.23526102027316,1.26291095520155,-1.17995875812782,-0.843173021259226,-0.474781465205998,2.12694399837268,-53.75,-558.364611794705,1.73806249924754,1.43146965517653,"RAV339",-0.220380861005917,-1.1233670603566,-1.77843412530941,-0.413141297020439,0.814418587850242,-1.70806618640287,2.15140029414197,-0.0689691073269396,0.180985586003004,-0.0719000956531991,-3.41395549780078,-0.398483033711929,1.76252430683599,-0.357525091088469,-0.486254611625997,-0.48745587095951,-0.284000143091519,-0.289897885243064,-0.383167571527584,-1.40285876469062,-0.0207479332269009,0.189317404548045,-1.10423493796099
"37",-0.373306076613288,"RAV358",1.88009044967835,1.8532107987774,1.84683222950459,1.63938057242845,-1.59570974356045,1.42472203849469,1.35482270374943,1.64807523891123,0.302257133318197,1.70092034244014,-0.317875878747127,0.900718185102719,-1.14555588839141,-0.921138142934191,-0.0368368097496965,1.26291095520155,-1.17995875812782,-0.843173021259226,-0.439612467783331,2.74627446921692,-61.304347826087,-621.876981076364,4.04665825110763,4.31674395305715,"RAV358",-1.68835976858523,-0.955531896934986,-2.26750218999843,0.106120962588876,1.60949666177011,0.0591061026379881,0.400975750082821,0.855646248239268,-0.795642129281284,-0.0708095249523161,-3.43050361265427,0.177040853857783,0.397687975977859,-1.0464879004421,-0.487043734130942,-0.982824444928031,-0.480735654095674,-0.389227158346675,-0.376710844251428,-1.40285876469062,-0.0168067848059275,0.971249060114303,0.235139962644302
"38",-0.339956946706175,"RAV358120",1.88009044967835,1.8532107987774,1.84683222950459,1.63938057242845,-1.59570974356045,1.42472203849469,1.35482270374943,1.64807523891123,0.302257133318197,1.70092034244014,-0.317875878747127,0.900718185102719,-1.14555588839141,-0.921138142934191,0.0319252351164038,1.26291095520155,-1.17995875812782,-0.843173021259226,-0.404443470360665,0.956434410748974,-31.7857142857143,-374.812579857394,1.32538605655752,-0.160405819516235,"RAV358",0.743349476513505,-1.0280344183785,-2.33487196635296,0.106120962588876,1.60949666177011,-0.456319148332263,1.32225182590343,-0.28160654841562,0.389638199363071,-1.04456085840538,-1.94995909192709,0.0176178997317307,0.204102386817051,0.0548540315016646,1.1478052670539,-0.0770492969995074,-0.175816705256741,-0.742539720232906,-1.12672941527544,-1.40285876469062,-1.15246730852059,-0.98358007880134,0.0818042353452804
"39",-0.306607816799063,"RAV358240",1.88009044967835,1.8532107987774,1.84683222950459,1.63938057242845,-1.59570974356045,1.42472203849469,1.35482270374943,1.64807523891123,0.302257133318197,1.70092034244014,-0.317875878747127,0.900718185102719,-1.14555588839141,-0.921138142934191,-0.00245578731664637,1.26291095520155,-1.17995875812782,-0.843173021259226,-0.369274472937998,1.15259299774277,-19.4242424242424,-261.536850645298,1.53172427790253,0.43654748349355,"RAV358",1.03523834929307,-0.472275580346123,-2.28204039957659,-0.0533890609893226,1.60108627243812,-0.456319148332263,-1.41854449966287,1.13675475756433,-1.08333816429411,-0.31599547899788,-0.736839922307762,1.81063541561506,0.778700440610274,0.396617741127411,-0.0792321014001874,0.0473831671249151,0.254662106863949,-0.474591099454093,-0.155166625430074,-1.40285876469062,-0.124683713548106,-0.308275467175936,0.0818042353452804
"40",-0.273258686891951,"RAV358360",1.88009044967835,1.8532107987774,1.84683222950459,1.63938057242845,-1.59570974356045,1.42472203849469,1.35482270374943,1.64807523891123,0.302257133318197,1.70092034244014,-0.317875878747127,0.900718185102719,-1.14555588839141,-0.921138142934191,0.066306257549454,1.26291095520155,-1.17995875812782,-0.843173021259226,-0.334105475515332,1.42419304405356,-31.9333333333333,-298.35926177414,1.22712976067895,1.82943852384972,"RAV358",-1.25723155591794,-0.970532567938739,-2.3271659659449,0.0096778164542557,1.05796155897491,0.72179571102831,0.400975750082821,0.411313205167887,-0.318517946745846,0.164914124482646,-0.703735390209976,-0.431078967009767,-0.596420463050789,-0.948680896129312,-0.865332585039821,-0.900005194432954,-0.041011082601992,0.0265085426705135,0.00951334309523055,-1.40285876469062,0.294899006067683,1.18450314799601,0.31186067773332
"41",-0.239909556984838,"ROB926",-0.726413864460675,-0.892542686215109,-0.663645754385403,-0.315382911303144,1.25674683560942,-0.472182285117804,-0.487696861967071,-0.694549435284079,-0.389595603928115,0.0191885478417618,-0.77226188127066,-1.44726552778677,-0.167016436784339,-0.30528722569943,-0.896362370575951,-0.651928740741042,-0.157742579371762,-0.221513909792465,-0.298936478092665,-0.0675296025129649,-24,-260.118267746256,-0.737996156892564,-0.657866905357722,"ROB926",1.18571900927089,-0.143302290947276,0.470116170355579,-0.236945534604571,-0.436264979211629,-0.456319148332263,0.746454278515548,0.432000422106953,-0.340357654342819,-1.07326852832568,-0.51398840925634,-0.439013417011432,0.209756979990563,-0.225218052150771,0.848254208994055,-0.122775210763256,-1.09969420848851,-1.28200580054999,-1.33486065967311,0.475709581093702,-0.88258673302993,-0.770325990919634,-0.352302330934697
"42",-0.206560427077726,"ROB926120",-0.417733522443749,-0.521597743852872,-0.172786358424166,-0.115031720541972,0.176470263976874,-0.472182285117804,-0.487696861967071,-0.694549435284079,-0.389595603928115,0.0191885478417618,-0.77226188127066,-1.44726552778677,-0.167016436784339,-0.30528722569943,-0.82760032570985,-0.651928740741042,-0.157742579371762,-0.221513909792465,-0.263767480669999,-0.809532510673791,-9.52380952380952,-118.49631586851,-0.737996156892564,-0.657866905357722,"ROB926",0.597773230751036,-0.136416879025807,0.44429632488988,-0.682953506305184,-0.436264979211629,-0.456319148332263,0.30884814250076,-0.218977374633669,0.331622338323906,-0.233913995952015,0.432284129358278,0.511885795006185,1.50196615330882,0.954748364680898,0.496503252041523,0.791198446043737,0.598899757049476,0.270493806099878,-0.0120489076861824,0.475709581093702,-0.360324544273939,-0.734783642939349,-0.352302330934697
"43",-0.173211297170614,"ROB926240",-0.726413864460675,-0.892542686215109,-0.663645754385403,-0.315382911303144,1.25674683560942,-0.472182285117804,-0.487696861967071,-0.694549435284079,-0.389595603928115,0.0191885478417618,-0.77226188127066,-1.44726552778677,-0.167016436784339,-0.30528722569943,-0.861981348142901,-0.651928740741042,-0.157742579371762,-0.221513909792465,-0.228598483247332,-1.16404501123952,-5.92592592592593,-74.872937027744,-0.737996156892564,-0.657866905357722,"ROB926",-0.22058077701059,-0.634061108261889,0.392736159082516,-0.64760402357464,-0.000143469246930976,1.7281021533988,0.585230965246941,-0.915220408615753,1.03132465000718,-0.826992003579236,0.641773799304575,0.749767781111575,1.29453134200538,0.05481520081697,-0.15188255607172,-0.284903804024916,0.0371400741480634,-0.614222165178802,-0.542788713155015,0.475709581093702,-0.657509227755393,-0.521529555057643,2.17486734574955
"44",-0.139862167263502,"ROB926360",-0.417733522443749,-0.521597743852872,-0.172786358424166,-0.115031720541972,0.176470263976874,-0.472182285117804,-0.487696861967071,-0.694549435284079,-0.389595603928115,0.0191885478417618,-0.77226188127066,-1.44726552778677,-0.167016436784339,-0.30528722569943,-0.930743393009001,-0.651928740741042,-0.157742579371762,-0.221513909792465,-0.193429485824666,-1.00245326679561,-13.448275862069,-147.445010927401,-0.737996156892564,-0.657866905357722,"ROB926",1.08083933378342,-1.07827843839035,0.584835269116705,-0.236945534604571,-0.542514569178798,-0.456319148332263,-1.16519357881221,0.669703081636392,-0.577100779878125,-0.672195115271558,0.473226921110211,-0.501808124674027,0.633582201662354,-0.576790347048722,0.149281217320481,-0.740769007536695,-0.878987992700183,-0.974589435290557,-0.814197147832556,0.475709581093702,-0.929552438506749,-0.485987207077358,-0.352302330934697
"45",-0.106513037356389,"ROB938",-0.743229624016987,-0.848847400549293,-0.624436068000155,-0.129742599857621,1.56742193345451,-2.2179066740696,-2.03382609058687,-2.19274161612861,0.105463364375634,-2.1273094013651,0.949082520569794,0.293004691546222,2.08432997870498,2.10577130787656,0.444497504313006,-1.9506898196324,2.31720862896944,2.12334591413582,-0.158260488401999,1.00785207706097,-10.7746478873239,-131.596696690065,0.0788479358546887,1.72994630668142,"ROB938",-1.39241216943741,-0.50905190785749,0.572284170734717,-0.515237841686548,-0.936166673844184,1.89991057038888,0.999805199366214,-0.279744185373337,0.39486000059244,1.08160294979246,0.117266188867402,0.321267051568544,0.604537213416794,-1.35985273472611,-1.29812935314874,-1.10957207143132,2.60906024196272,2.91755978732199,2.74701769443352,0.470321699979077,1.48487550593036,3.60138281065535,-1.85767188945377
"46",-0.0731639074492769,"ROB938120",-0.743229624016987,-0.848847400549293,-0.624436068000155,-0.129742599857621,1.56742193345451,-2.2179066740696,-2.03382609058687,-2.19274161612861,0.105463364375634,-2.1273094013651,0.949082520569794,0.293004691546222,2.08432997870498,2.10577130787656,0.478878526746056,-1.9506898196324,2.31720862896944,2.12334591413582,-0.123091490979333,1.55660060915752,-13.7019230769231,-145.745874925986,0.889460236814547,2.82436069553269,"ROB938",-1.22112154779331,-0.764082801936163,0.512699911967719,-0.8676392907651,-0.672084446156141,1.08995660457849,-0.63545983521536,-0.311508981221208,-0.0183398649071629,0.216812459601134,0.0973886868858736,-0.156235336874098,-0.374288686227602,-1.01515068171875,-1.31894353718347,-0.908987203973311,1.62119954245647,1.18436225448399,0.791100094540311,0.470321699979077,1.06716733015991,2.17968889144397,-0.205828010051873
"47",-0.0398147775421646,"ROB938240",-0.743229624016987,-0.848847400549293,-0.624436068000155,-0.129742599857621,1.56742193345451,-2.2179066740696,-2.03382609058687,-2.19274161612861,0.105463364375634,-2.1273094013651,0.949082520569794,0.293004691546222,2.08432997870498,2.10577130787656,-0.518171123812399,-1.9506898196324,2.31720862896944,2.12334591413582,-0.0879224935566662,0.641133996897619,-6.71232876712329,-50.5503580542013,0.17273806145782,2.12791517535461,"ROB938",-1.29645392543905,-0.331308679985364,0.699317730980279,-0.515237841686548,-0.936166673844184,3.39709820415961,-1.02700216743912,-0.124237048821534,0.224122234110937,1.63112228060206,0.438824666335354,1.77470361472342,0.159732245746736,-1.38925700357544,-1.33180512638526,-1.13071953766132,1.90490822299067,1.87549450083391,1.7437898466565,0.470321699979077,1.45547675537284,3.67246750661592,0.174067964343542
"48",-0.00646564763505234,"ROB938360",-0.743229624016987,-0.848847400549293,-0.624436068000155,-0.129742599857621,1.56742193345451,-2.2179066740696,-2.03382609058687,-2.19274161612861,0.105463364375634,-2.1273094013651,0.949082520569794,0.293004691546222,2.08432997870498,2.10577130787656,-0.483790101379349,-1.9506898196324,2.31720862896944,2.12334591413582,-0.0527534961339997,0.36701238229446,-5,-36.1081620743228,-0.178434878668812,0.83451635216674,"ROB938",0.968544068942761,-0.0429982949529251,0.611211774561509,-0.390516409786041,-0.580946480308939,1.60538185554874,0.285816240605245,-0.301766543001266,0.416801307544271,1.1365805433605,0.999099115541039,0.969826653017991,-0.475864654579898,-1.47790608714393,-1.29504262791409,-1.24370853724111,1.52043574348019,1.23670364063066,1.08562164418237,0.470321699979077,0.990628471690663,3.56584046267507,-0.0155627267431894
"49",0.02688348227206,"SHO424",0.337882488427233,0.33373988609982,1.06968498550354,1.47799434217117,0.0436890358724512,1.59590000608595,1.53990365906406,1.39356071128981,-0.661809459017771,0.024546413768443,1.91017004203304,1.56367830001964,0.909152345963817,1.21399538957318,0.650783638911307,1.64587810041906,0.683243349813376,1.07497751807071,-0.0175844987113332,-0.699234781082315,-15.4054054054054,-144.952524484141,-0.462878528432552,-0.458882471021127,"SHO424",1.09381949164078,0.882591715254624,-0.66047476987628,1.16557541035022,0.853554271454973,-1.09446469715257,0.516135259560396,-0.488383054987249,0.464678060034892,0.11542146002787,0.469382464689354,-0.32806791845722,-0.0404205612267045,-0.203097529427037,-0.628831502248728,-0.317841929791195,0.972944185776988,0.779937698775425,0.00425309210480414,0.688750021104948,-0.251555053783477,-0.166106075254799,-0.288870451575135
"50",0.0602326121791723,"SHO424120",0.337882488427233,0.33373988609982,1.06968498550354,1.47799434217117,0.0436890358724512,1.59590000608595,1.53990365906406,1.39356071128981,-0.661809459017771,0.024546413768443,1.91017004203304,1.56367830001964,0.909152345963817,1.21399538957318,-0.586933168678499,1.64587810041906,0.683243349813376,1.07497751807071,0.0175844987113332,-0.0836887769573589,-12.4259259259259,-120.632359107658,-0.549344068805699,-0.458882471021127,"SHO424",0.932573570548015,2.26451337490825,-0.602717610764681,1.01596218791312,0.869353015272921,1.55629373640872,-0.727587442797421,-0.902359689811816,0.975247926585414,0.807035738040751,0.311416322453817,0.619471168813369,-0.711569388399785,0.517873152285977,-0.933912309678635,0.432498858625931,2.26499267773643,2.0530092217948,1.93901274416881,0.688750021104948,1.47795282135397,0.438113840410036,0.276497412115827
"51",0.0935817420862846,"SHO424240",0.337882488427233,0.33373988609982,1.06968498550354,1.47799434217117,0.0436890358724512,1.59590000608595,1.53990365906406,1.39356071128981,-0.661809459017771,0.024546413768443,1.91017004203304,1.56367830001964,0.909152345963817,1.21399538957318,0.685164661344357,1.64587810041906,0.683243349813376,1.07497751807071,0.0527534961339997,-0.724202176235297,-8.21428571428571,-121.790788133438,-0.40785500274055,-0.458882471021127,"SHO424",1.02663908460285,0.370007333022086,-1.0008993109621,-0.121832142484334,0.284159987179184,-1.83078648425293,-0.220885601096088,-0.0870653262035704,0.199905866986018,-0.536098306923137,0.250226504982749,0.927172585337003,0.147001556733154,-0.321806873960925,-0.133069700673642,-0.23675006265083,-0.192188325369052,-0.469418181472689,-0.272663781387662,0.688750021104948,-0.625357192618572,-0.521529555057643,-1.39641633713041
"52",0.126930871993397,"SHO424360",0.337882488427233,0.33373988609982,1.06968498550354,1.47799434217117,0.0436890358724512,1.59590000608595,1.53990365906406,1.39356071128981,-0.661809459017771,0.024546413768443,1.91017004203304,1.56367830001964,0.909152345963817,1.21399538957318,-0.552552146245449,1.64587810041906,0.683243349813376,1.07497751807071,0.0879224935566662,-0.373703434090907,-13.7719298245614,-157.244079846603,-0.381086801052549,-0.259898036684532,"SHO424",1.16976743799156,-0.861641294057425,-0.362554445278565,1.2077158156267,0.853554271454973,-0.358142910052215,-1.21125738260324,-0.271260790610526,0.349327120052315,0.913879591118429,0.346007111651595,-0.173350486024138,-0.222472185921562,-0.102740438495649,-0.785549455709868,-0.0529702085896208,0.168855738161328,1.09679609000237,1.17915082288671,0.688750021104948,0.97769627306746,0.54474088435089,0.049542171568781
"53",0.160280001900509,"SHO446",-0.226742341446426,-0.0923747595650444,0.225809014661499,0.633010700974934,0.645137519746764,-1.16050418999885,-1.30076765157019,-1.19164545842143,0.57198968457082,-2.06891201449598,3.43588188659967,1.21838658722107,2.15672077259375,2.12230143944324,0.513259549179106,-0.518722639105201,2.00834602341427,2.41217361650034,0.123091490979333,0.244111618914582,-20.2020833333333,-226.715707071672,0.539969601115229,-0.0609136023479373,"SHO446",-1.14553603909129,1.7292807509466,0.542571558530685,-0.0511235949918377,0.511183822741305,-0.67721568446237,0.510377284086517,1.49174709798016,-1.42029677594131,-1.3472583791181,-0.117265533957142,NA,-1.49167719558851,-0.332067441221405,0.139168315554322,-0.0508397751788488,-0.824973589181465,-1.12704523720156,-0.647449920776486,0.488214443995627,-0.797610739880023,-0.734783642939349,-0.24781743667911
"54",0.193629131807621,"SHO446120",-0.226742341446426,-0.0923747595650444,0.225809014661499,0.633010700974934,0.645137519746764,-1.16050418999885,-1.30076765157019,-1.19164545842143,0.57198968457082,-2.06891201449598,3.43588188659967,1.21838658722107,2.15672077259375,2.12230143944324,0.582021594045206,-0.518722639105201,2.00834602341427,2.41217361650034,0.158260488401999,0.187449578655029,-4.54545454545455,-103.927407016368,-0.248898150741433,-0.458882471021127,"SHO446",-0.833471470530785,1.73065555984583,0.420065003707477,-1.07607581692847,0.462549254631782,-1.70806618640287,-1.69492732240906,1.49174709798016,-1.42029677594131,-1.21379177069534,0.600339437402718,NA,-0.103187626046523,1.84633698406285,0.911515662281748,2.50313622445523,-0.528644568069784,-1.46458033253196,-1.28499172750138,0.488214443995627,-0.596842771618808,-1.09020712274219,-1.35711949322777
"55",0.226978261714734,"SHO446240",-0.226742341446426,-0.0923747595650444,0.225809014661499,0.633010700974934,0.645137519746764,-1.16050418999885,-1.30076765157019,-1.19164545842143,0.57198968457082,-2.06891201449598,3.43588188659967,1.21838658722107,2.15672077259375,2.12230143944324,0.547640571612156,-0.518722639105201,2.00834602341427,2.41217361650034,0.193429485824666,1.80231772605232,-6.25,-54.9171800474019,1.73806249924754,-0.35939025385283,"SHO446",-0.690665283940978,1.63495277284636,0.595799781689947,-0.29859598247661,-0.048342434897118,-0.701759744032382,-0.750619344692936,1.49174709798016,-1.42029677594131,-1.20391248316969,0.886767236342557,NA,-2.05773488258769,-1.07855700331118,3.42806702529199,-0.915254170023796,-1.44043552709599,-1.597573786861,-1.70339547134913,0.488214443995627,-1.61079027318922,-1.19683416668305,-0.234953869641946
"56",0.260327391621846,"SHO446360",-0.226742341446426,-0.0923747595650444,0.225809014661499,0.633010700974934,0.645137519746764,-1.16050418999885,-1.30076765157019,-1.19164545842143,0.57198968457082,-2.06891201449598,3.43588188659967,1.21838658722107,2.15672077259375,2.12230143944324,0.616402616478257,-0.518722639105201,2.00834602341427,2.41217361650034,0.228598483247332,0.542203222019194,-10.4347826086957,-149.794118510787,-0.325319714202547,-0.35939025385283,"SHO446",-0.31213223943832,1.14209368837331,0.599613015359678,-0.520050074746462,0.168562342634587,-0.112702314352096,-0.704555540901906,1.49174709798016,-1.42029677594131,-0.802357935982822,0.332283114662694,NA,-0.220848857737779,-0.476901624908182,-0.313578893069989,-0.625889877211925,-0.131588703660857,-0.538526525352224,-0.809446552277848,0.488214443995627,-1.0610681909866,-0.699241294959065,0.143545731360384
"57",0.293676521528958,"SPR1575",0.747192036552036,0.811332400397501,0.949056909913943,1.12625486369399,-0.345056407715036,-0.0381210846394817,-0.093969032014913,-0.59507908909044,-1.14683636036777,-0.113410407794659,-0.500019480378278,0.030582910788302,-0.0134271298070742,0.0297644548457004,-1.1370295276073,0.030753721099096,0.0647467809063119,0.0508950613936499,0.263767480669999,-0.56506207882712,-11.5763157894737,-167.260360946398,-0.737996156892564,-0.657866905357722,"SPR1575",1.16388789391168,0.311838593628924,0.311860998746723,-1.60184533673246,0.428941957794922,-0.382686969622227,-0.359077012469179,-0.487767800477686,0.582391220121814,0.433258668117548,0.483084272623036,-0.593557152554597,1.29269424220892,0.05325479501839,-0.703107171090805,-0.104819016947003,1.07729812616408,0.751804187773444,1.02133752376816,-0.899828191206399,0.904611264393525,0.54474088435089,0.0549591594401287
"58",0.327025651436071,"SPR1575120",0.747192036552036,0.811332400397501,0.949056909913943,1.12625486369399,-0.345056407715036,-0.0381210846394817,-0.093969032014913,-0.59507908909044,-1.14683636036777,-0.113410407794659,-0.500019480378278,0.030582910788302,-0.0134271298070742,0.0297644548457004,-1.17141055004035,0.030753721099096,0.0647467809063119,0.0508950613936499,0.298936478092665,-0.0472051750285621,-9.89130434782609,-113.567681500661,-0.163837627932541,-0.0609136023479373,"SPR1575",1.16690676940671,0.0163829698100552,0.304473098834795,-1.80152121690755,0.428941957794922,-0.480863207902275,-0.059662287827482,-0.788059115977292,0.853329677905793,0.581672510264176,0.212802380803774,1.03725091670206,1.33666003403348,0.0297831584125074,-0.667404688198655,-0.085750797466923,0.263084509721365,0.271028693331143,0.35071216848115,-0.899828191206399,0.397613562748529,0.153775056567761,-0.0171047715117159
"59",0.360374781343183,"SPR1575240",0.747192036552036,0.811332400397501,0.949056909913943,1.12625486369399,-0.345056407715036,-0.0381210846394817,-0.093969032014913,-0.59507908909044,-1.14683636036777,-0.113410407794659,-0.500019480378278,0.030582910788302,-0.0134271298070742,0.0297644548457004,-1.44645872950475,0.030753721099096,0.0647467809063119,0.0508950613936499,0.334105475515332,-0.757592307102535,-15.8928571428571,-185.760097627543,-0.65546086835456,-0.558374688189425,"SPR1575",1.16859670685628,-1.2090503821372,0.249415845490151,-1.60184533673246,0.482686649874738,0.010017983497964,-0.819715050379481,0.504340131142342,-0.415166242356254,1.18886378578518,-0.0119211732267875,0.459358985615262,2.26713134067689,-0.32422261004955,-0.720155933894947,-0.205212972011438,0.935819158239602,0.84131764640769,0.481186359306163,-0.899828191206399,0.717518085556518,0.509198536370605,0.244669174422306
"60",0.393723911250295,"SPR1575360",0.747192036552036,0.811332400397501,0.949056909913943,1.12625486369399,-0.345056407715036,-0.0381210846394817,-0.093969032014913,-0.59507908909044,-1.14683636036777,-0.113410407794659,-0.500019480378278,0.030582910788302,-0.0134271298070742,0.0297644548457004,-1.10264850517425,0.030753721099096,0.0647467809063119,0.0508950613936499,0.369274472937998,0.678520594237831,-13.7878787878788,-185.318086063685,0.711404032067493,0.237563049156955,"SPR1575",1.17708666495401,0.869394567477282,0.480444497825682,-0.977370661171977,0.428941957794922,0.157282340918036,-0.359077012469179,-0.619382865475737,0.673915368975578,-0.198245918911373,0.106978548281947,-0.20011479500897,0.503396005293839,0.545685447871945,-0.287083276096862,0.279658940112894,-0.0601228040180478,0.184803525182078,-0.0249475295480016,-0.899828191206399,0.0648700980002768,-0.308275467175936,2.18194500806259
"61",0.427073041157408,"SPR1620",0.113076404943387,0.181917726505706,0.302013788246425,0.38955069267122,-0.102594528668725,0.751255815219197,0.938367267809968,0.283192073873775,-1.64828601363418,0.0944621598543625,-0.19119973610352,1.38412645130239,-0.109429275953818,-0.000116709851480754,1.47592817730451,1.01314832367787,-0.0108303970847739,0.0521970977739704,0.404443470360665,0.989340626676105,-31.1594202898551,-252.924636237292,0.0650498937474713,0.237563049156955,"SPR1620",-1.69025681326266,-0.612203173247039,0.606128101215483,1.94871470054628,0.217264393021953,-0.971744399302514,1.57560274675409,0.506796075504007,-0.442932198075373,0.478004142462598,-0.49197558192885,1.06893139709914,-0.849985585083316,-1.17985567975709,-0.696745354945699,-0.945658223626061,-0.0247737839302193,-0.0782183252137648,-0.119099252554378,-1.15646964895233,0.0738802824638345,1.00679140809459,-0.204556399440659
"62",0.46042217106452,"SPR1620120",0.113076404943387,0.181917726505706,0.302013788246425,0.38955069267122,-0.102594528668725,0.751255815219197,0.938367267809968,0.283192073873775,-1.64828601363418,0.0944621598543625,-0.19119973610352,1.38412645130239,-0.109429275953818,-0.000116709851480754,1.57907124460366,1.01314832367787,-0.0108303970847739,0.0521970977739704,0.439612467783331,1.81976963445226,-28.78,-242.822442677868,1.95703367291979,1.33197743800823,"SPR1620",-1.63898051543102,-0.76096487955663,0.607796150622813,2.45835906457159,0.356936725512993,0.918148187588406,1.57560274675409,-1.56592978106325,1.19698653598104,3.42709977130316,-0.289980476220437,-0.370357417659459,-1.03186602328656,0.792088420680094,-0.311395250961927,1.4929400548918,0.307872366195709,0.625696614163076,1.68743092100294,-1.15646964895233,2.54375901269421,0.295944448488899,0.153120770560594
"63",0.493771300971632,"SPR1620240",0.113076404943387,0.181917726505706,0.302013788246425,0.38955069267122,-0.102594528668725,0.751255815219197,0.938367267809968,0.283192073873775,-1.64828601363418,0.0944621598543625,-0.19119973610352,1.38412645130239,-0.109429275953818,-0.000116709851480754,1.51030919973756,1.01314832367787,-0.0108303970847739,0.0521970977739704,0.474781465205998,0.993534556157015,-21.2345238095238,-317.405571396935,-0.123780056144632,-0.259898036684532,"SPR1620",0.797272144478951,-0.0551234403899152,0.578004021239314,2.25840249931929,0.217264393021953,-0.67721568446237,1.57560274675409,-1.43466071388325,1.32954599601645,3.22258568927876,-0.662438948954043,-1.32119319350923,-0.774531172471693,1.20574814201296,-0.140639967981745,1.40710905245998,0.515704934266885,1.5689685958453,1.41468129855327,-1.15646964895233,1.75401696023082,0.0116056646466234,1.62834229476756
"64",0.527120430878744,"SPR1620360",0.113076404943387,0.181917726505706,0.302013788246425,0.38955069267122,-0.102594528668725,0.751255815219197,0.938367267809968,0.283192073873775,-1.64828601363418,0.0944621598543625,-0.19119973610352,1.38412645130239,-0.109429275953818,-0.000116709851480754,1.54469022217061,1.01314832367787,-0.0108303970847739,0.0521970977739704,0.509950462628664,1.5185016136808,-36.0714285714286,-277.625456657241,-0.458215517780688,-0.160405819516235,"SPR1620",-1.68993752295304,0.889412170459852,0.44993665821501,1.21789672399908,-0.402172222105388,-0.0881582547820839,1.57560274675409,1.14594741165788,-1.07709135138436,1.13869753354456,-0.508728014628733,1.36862436726443,-0.318325120848918,-1.58910316531697,-1.04404477599335,-1.29642401442139,0.351036806612609,0.0355160554564639,-0.0407527094620707,-1.15646964895233,0.136098249531616,2.28631593538483,0.185509799552865
"65",0.560469560785857,"SS256",-0.619362846157185,-0.53390525793387,-0.0379085018265522,-0.0329512166680927,-0.0419313722639717,-0.4248103213966,-0.357665149023327,0.00600478525191764,0.905801329171611,-0.611929523624776,1.01651099470439,-0.742870776145345,0.926237467770655,1.07772825611976,0.994593863241808,-0.668579900431008,0.949690690526725,0.830771624599583,0.545119460051331,-1.69066096411477,-5.625,-56.6967589346686,-0.737996156892564,-0.657866905357722,"SS256",1.15160528470372,-1.36660614521379,-0.646412733860479,-0.419081608949554,0.833986421275959,0.574531353608239,1.09961010796398,-1.35385059788563,1.4942625967923,-0.931558488428601,1.20771671929273,0.64153125910464,-0.962942815382755,-1.10537062061444,0.59938281152481,-0.970634266419004,-0.735617457000114,-1.34594803526972,-1.40311451195619,1.55589759468336,-1.1953227870221,-0.628156598998496,-1.84290201799465
"66",0.593818690692969,"SS256120",-0.619362846157185,-0.53390525793387,-0.0379085018265522,-0.0329512166680927,-0.0419313722639717,-0.4248103213966,-0.357665149023327,0.00600478525191764,0.905801329171611,-0.611929523624776,1.01651099470439,-0.742870776145345,0.926237467770655,1.07772825611976,0.960212840808758,-0.668579900431008,0.949690690526725,0.830771624599583,0.580288457473997,-0.226405519319163,-8.92156862745098,-138.117724769281,-0.418504717390616,-0.35939025385283,"SS256",1.02628383817728,-1.10644258794019,-0.635132067210219,-0.977938772969927,0.825442591938252,-0.210878552632144,1.80592176570924,-0.941023195514634,1.06947551672021,1.2322300089497,0.537162635636907,0.0148563758386918,1.08395708461549,0.655653684518943,-0.361454811287535,0.412199388344754,0.557525988612218,1.24569037422474,0.962462097801143,1.55589759468336,1.20745225188006,0.295944448488899,0.144338723040585
"67",0.627167820600081,"SS256240",-0.619362846157185,-0.53390525793387,-0.0379085018265522,-0.0329512166680927,-0.0419313722639717,-0.4248103213966,-0.357665149023327,0.00600478525191764,0.905801329171611,-0.611929523624776,1.01651099470439,-0.742870776145345,0.926237467770655,1.07772825611976,-1.51522077437085,-0.668579900431008,0.949690690526725,0.830771624599583,0.615457454896664,-1.16207438020972,-11.8292682926829,-120.319554285527,-0.737996156892564,-0.657866905357722,"SS256",1.08548917869786,-1.44368919776418,-0.670803097346383,-0.288131719746838,0.825258020871966,0.72179571102831,1.71379415812718,-1.20267546945565,1.32409818423124,-0.127904108704423,0.872261560450266,-0.0365350395080958,-1.11898047118027,-1.52497466833823,-0.292842631247891,-1.21190410440184,-0.962906443494835,-0.954481343411191,-1.11035768314501,1.55589759468336,-0.986873067703472,-0.023936683333661,1.92723469691422
"68",0.660516950507194,"SS256360",-0.619362846157185,-0.53390525793387,-0.0379085018265522,-0.0329512166680927,-0.0419313722639717,-0.4248103213966,-0.357665149023327,0.00600478525191764,0.905801329171611,-0.611929523624776,1.01651099470439,-0.742870776145345,0.926237467770655,1.07772825611976,1.02897488567486,-0.668579900431008,0.949690690526725,0.830771624599583,0.65062645231933,-0.654574694039275,-9.65116279069767,-94.7518971398224,-0.653344578904868,-0.558374688189425,"SS256",1.11890679286028,-1.66894501573025,-0.627425097564879,-0.234681437468716,0.833986421275959,1.48266155769868,-0.220885601096088,-0.692371600966132,0.811892456042918,-0.39977696931277,0.549473059338315,0.636858527478654,-0.269013186718643,-1.16183670469876,-0.742368629981781,-1.01157848425798,-0.220198069540022,0.16810140271756,-0.0829628853169392,1.55589759468336,-0.732483431870904,0.0471480126269078,2.06206190412649
"69",0.693866080414306,"SS32",-1.93314979194809,-1.87078466174905,-1.92836018188549,-1.87298142510703,1.78007437792099,0.452817638069888,0.229899353304144,0.550577228980408,0.643683730180203,0.852018284919343,0.0345927791890779,-0.618565548788522,0.0411356689742139,0.189343157873381,-0.69007623597765,-0.08580280878874,-0.225414369600282,-0.0740325768100291,0.685795449741997,-0.0675296025129649,-16.25,-227.281941368141,-0.55458440458589,-0.558374688189425,"SS32",0.608606089363959,0.0992137173969664,-1.58275937979575,-1.44657532783134,-0.503948447391308,1.16358878328853,0.147624829232154,-0.94846143123492,1.0808198367096,-0.330493654197854,-0.525864983228759,-0.220230098303418,-0.799357529166825,1.69104468531825,-0.316646727486728,1.7125634131098,1.06916925208404,0.472080829723244,0.582078363488042,0.7499185567016,-0.439875563198634,-0.948037730821056,0.307352282857348
"70",0.727215210321418,"SS32120",-1.93314979194809,-1.87078466174905,-1.92836018188549,-1.87298142510703,1.78007437792099,0.452817638069888,0.229899353304144,0.550577228980408,0.643683730180203,0.852018284919343,0.0345927791890779,-0.618565548788522,0.0411356689742139,0.189343157873381,-0.621314191111549,-0.08580280878874,-0.225414369600282,-0.0740325768100291,0.720964447164663,-0.592125658582671,-11.5833333333333,-98.7614247962564,-0.155394120153716,-0.0609136023479373,"SS32",0.788537684792774,0.580780942841195,-1.46041381369516,-1.75202318037036,0.13877524971277,0.255458579198083,0.631294769037972,-0.876179966815614,0.99113816866543,0.291612779438164,0.593024765338513,0.528151119230921,-0.731418639333964,-0.72669466946213,-0.455184492973557,-0.646166072494855,-0.76784981969109,0.0439563986031282,0.147258396941436,0.7499185567016,0.245565848425644,0.651367928291743,0.167715003484876
"71",0.760564340228531,"SS32240",-1.93314979194809,-1.87078466174905,-1.92836018188549,-1.87298142510703,1.78007437792099,0.452817638069888,0.229899353304144,0.550577228980408,0.643683730180203,0.852018284919343,0.0345927791890779,-0.618565548788522,0.0411356689742139,0.189343157873381,-0.7244572584107,-0.08580280878874,-0.225414369600282,-0.0740325768100291,0.75613344458733,-0.000749340778488866,-17.4107142857143,-250.257233537724,-0.631499010391914,-0.558374688189425,"SS32",0.604541610017156,0.629249587537003,-1.69970415718058,-2.2964570942765,0.13877524971277,0.0591061026379881,0.723422376620033,-1.24970858877638,1.33966772404573,0.99182332062271,-0.567901791303492,-0.559835074538215,-0.468280146905994,0.213712167721749,-0.569922529112253,-0.0554726673548381,0.635805330641584,0.827764044549252,0.97227817673555,0.7499185567016,0.875602995226065,0.473656188390321,0.18482811290789
"72",0.793913470135643,"SS32360",-1.93314979194809,-1.87078466174905,-1.92836018188549,-1.87298142510703,1.78007437792099,0.452817638069888,0.229899353304144,0.550577228980408,0.643683730180203,0.852018284919343,0.0345927791890779,-0.618565548788522,0.0411356689742139,0.189343157873381,-0.6556952135446,-0.08580280878874,-0.225414369600282,-0.0740325768100291,0.791302442009996,0.429695717068063,-15.5056179775281,-177.428891099613,-0.0502020857425337,0.337055266325253,"SS32",0.427141325151107,0.396195607525094,-1.62915635507762,-1.44657532783134,-0.503948447391308,0.648163532318274,0.285816240605245,-1.33030190055728,1.4723275736318,1.48318957258817,0.38574245421669,-0.306093164688477,-1.3411682933705,-0.665801255095234,-0.873926344852247,-0.614839724156716,0.396986169163217,0.638808281592646,0.873481160634702,0.7499185567016,0.965598496993114,1.32667253991715,0.316149246032891
"73",0.827262600042755,"SS452",-0.175347343295384,-0.150454799053927,0.115881633670166,0.135630154358886,-0.119410215364507,-0.511477121252769,-0.705378891443816,-0.215779140023014,1.30711775636018,0.133840103678371,-0.456069529995852,-2.1102256427037,-0.16079077644668,-0.273074824212794,-1.7558879314022,-0.968293629111627,-0.30561851762445,-0.346077432409562,0.826471439432663,-0.0601095734313578,-29.047619047619,-300.158059900708,-0.737996156892564,-0.657866905357722,"SS452",1.158766304756,0.163336605923099,0.596197391420983,1.50977224503456,1.28089727190619,0.108194221778012,-0.750619344692936,0.83441488623722,-0.74570656930152,-0.380852360091566,-0.656257738005491,-0.539434674180627,-0.251023405197317,-0.612223575170172,-0.646965260843189,-0.735567393448614,0.829319445239314,-0.072792885275287,-0.599918381118379,1.1645604890552,-0.503911493924927,-0.023936683333661,-0.160805202682712
"74",0.860611729949867,"SS452120",-0.175347343295384,-0.150454799053927,0.115881633670166,0.135630154358886,-0.119410215364507,-0.511477121252769,-0.705378891443816,-0.215779140023014,1.30711775636018,0.133840103678371,-0.456069529995852,-2.1102256427037,-0.16079077644668,-0.273074824212794,-1.72150690896915,-0.968293629111627,-0.30561851762445,-0.346077432409562,0.861640436855329,-0.350839803810732,-22.7272727272727,-264.154079631086,-0.737996156892564,-0.657866905357722,"SS452",0.735801568653624,-0.594448337474698,0.612484144767786,1.12852367973982,1.28089727190619,-0.0390701356420598,-0.313013208678148,0.581287485929203,-0.503504301797351,-0.61773073144511,-0.642815310500333,-0.0246668819863098,-0.936716545697528,-0.501955402318508,0.0340477738340957,-0.548899289162156,-0.274410600585723,-0.465240366480118,-0.677044711192538,1.1645604890552,-0.611293276373653,-0.308275467175936,-0.120570500792817
"75",0.89396085985698,"SS452240",-0.175347343295384,-0.150454799053927,0.115881633670166,0.135630154358886,-0.119410215364507,-0.511477121252769,-0.705378891443816,-0.215779140023014,1.30711775636018,0.133840103678371,-0.456069529995852,-2.1102256427037,-0.16079077644668,-0.273074824212794,-1.6871258865361,-0.968293629111627,-0.30561851762445,-0.346077432409562,0.896809434277996,-0.708791346604261,-12.1153846153846,-115.294591257947,-0.737996156892564,-0.657866905357722,"SS452",1.18575065065293,-0.349095994115825,0.455578930014691,1.46593438289392,1.3606768713761,-0.0390701356420598,0.677358572829002,-0.543094422056454,0.566016573775547,0.842286832166349,0.343148258787101,0.963018606921396,0.418203649711559,-0.290667964378553,-0.714818273926976,-0.227822840835363,1.92238418807221,1.93698445907409,1.38847819763157,1.1645604890552,0.506123592517181,0.367029144449468,-0.120570500792817
"76",0.927309989764092,"SS452360",-0.756413854338533,-0.726809120883705,-0.566991998476552,-0.511961286508051,0.480698504397563,-0.511477121252769,-0.705378891443816,-0.215779140023014,1.30711775636018,0.133840103678371,-0.456069529995852,-2.1102256427037,-0.16079077644668,-0.273074824212794,-1.65274486410305,-0.968293629111627,-0.30561851762445,-0.346077432409562,0.931978431700662,-0.669319547338572,-13.2758620689655,-181.591570220547,-0.349594799066666,-0.458882471021127,"SS452",-0.107022733377822,-0.681165553655459,0.768991741845278,1.50977224503456,1.28518631682059,-0.67721568446237,-1.81008683188663,0.252930226802412,-0.157114305368169,-0.641755362473384,-0.241470703629746,0.578263583992534,-1.65129745754906,-0.116417673371193,0.0684700914110941,-0.304559721861819,0.820763096717362,-0.51653256404707,-0.602620620472993,1.1645604890552,-0.584387109117517,-0.450444859097074,-0.537545646202229
"77",0.960659119671204,"SS604",-0.44093906824271,-0.472686644276109,-0.330101132776108,-0.363970662638018,0.0873035217501014,-0.313236880526926,-0.167461167768936,0.240829809899277,0.953438720414551,-0.478526612194685,-0.187240400667212,-0.991480572267312,0.149235389399714,-0.0410181205764661,-1.5496017968039,-0.368865377779393,0.119887390086392,-0.0448585319143324,0.967147429123329,-1.10633367393812,-2.08333333333333,-3.89039041771559,-0.737996156892564,-0.657866905357722,"SS604",-1.3496258297035,2.07325893353576,0.896977649215564,0.880769956968559,-0.598504001934801,0.0591061026379881,-1.18822548070772,0.10167521148028,-0.00784974112810624,-0.998853115794848,1.83514041952277,0.346081871461638,0.588405293239059,0.227263676401927,0.316916613939626,-0.044814567955455,-1.11441938763898,-0.476226935079593,-0.41901894010158,1.08954336920785,-1.24040024524821,-1.05466477476191,0.188030549435825
"78",0.994008249578317,"SS604120",-0.44093906824271,-0.472686644276109,-0.330101132776108,-0.363970662638018,0.0873035217501014,-0.313236880526926,-0.167461167768936,0.240829809899277,0.953438720414551,-0.478526612194685,-0.187240400667212,-0.991480572267312,0.149235389399714,-0.0410181205764661,-1.4808397519378,-0.368865377779393,0.119887390086392,-0.0448585319143324,1.00231642654599,-0.331226020643964,-10,-198.178144891016,-0.00434914766586818,-0.458882471021127,"SS604",-1.33881023002623,1.57840784309801,0.70344905720158,0.816009181701061,-0.778048995538596,0.648163532318274,-0.0135984840364519,-1.50727180195965,1.36498689196708,-0.915713137656948,0.948439166551287,-2.4247516064576,-0.18648340090886,0.230673853580224,1.05078402407131,0.41937478955978,-1.26187060598169,-0.982725342050924,-0.952045977770294,1.08954336920785,-1.10265040846768,-1.05466477476191,-1.72219115732626
"79",1.02735737948543,"SS604240",-0.44093906824271,-0.472686644276109,-0.330101132776108,-0.363970662638018,0.0873035217501014,-0.313236880526926,-0.167461167768936,0.240829809899277,0.953438720414551,-0.478526612194685,-0.187240400667212,-0.991480572267312,0.149235389399714,-0.0410181205764661,-0.75883828084375,-0.368865377779393,0.119887390086392,-0.0448585319143324,1.03748542396866,-0.520825924589398,-9.31818181818182,-125.894673679752,-0.510312602304968,-0.558374688189425,"SS604",-1.43151516465358,2.83178026957333,0.944486005981094,0.816009181701061,0.301365756594123,-0.358142910052215,-1.94827824325972,0.0530551651309544,0.0474827631513924,-0.495554737337371,0.488626203179615,0.204079236162759,0.706134521481223,0.610051659229245,0.523726209341567,0.166285439849898,-1.03025369446874,-0.256013078149721,-0.513445303217575,1.08954336920785,-0.684853555161949,-0.734783642939349,-0.232083674585567
"80",1.06070650939254,"SS604360",-0.44093906824271,-0.472686644276109,-0.330101132776108,-0.363970662638018,0.0873035217501014,-0.313236880526926,-0.167461167768936,0.240829809899277,0.953438720414551,-0.478526612194685,-0.187240400667212,-0.991480572267312,0.149235389399714,-0.0410181205764661,-0.7932193032768,-0.368865377779393,0.119887390086392,-0.0448585319143324,1.07265442139133,-0.651856892689615,-11.5625,-229.368952537029,-0.737996156892564,-0.657866905357722,"SS604",-1.3471160928103,1.67964299361966,0.878150032405307,0.880769956968559,-0.598504001934801,-0.947200339732502,-0.727587442797421,0.183253720707271,-0.099326195853324,-0.659653552211404,0.0207449343286321,-1.27895443378374,1.52979034194038,1.70990625525995,0.908656691505993,1.4434922041588,-1.44043552709599,-0.32272997881947,-0.0260425815662614,1.08954336920785,-0.453333830014176,-0.912495382840771,-2.20887081819015
"81",1.09405563929965,"TOI1577",-0.467402103435989,-0.414996610250368,-0.473045983852359,-0.467345136297001,0.289646764353587,0.897189512669546,1.21426550114763,0.574017113473339,-1.65365520864934,0.420200522617265,0.0832534431931204,1.72941816410097,0.0597241328738222,0.232575681597648,-1.61836384167,1.12970485356571,0.212430320990022,0.356924827054015,1.10782341881399,-0.753140289653568,-16.2222222222222,-155.875961594714,-0.312007570889966,-0.259898036684532,"TOI1577",0.157227392194549,0.867889736884382,0.182443678866658,-0.204135974628308,-1.4873502757279,-0.0145260760720479,2.01320888276888,1.36770783779779,-1.32081369763532,-0.477784850034749,0.295886664281375,NA,0.844956279815059,-0.828455650990294,-0.370084789944771,-0.648533077182366,-0.247666608917451,-0.784915623458034,-0.622163453949241,-1.44929934464046,-0.277199241571059,0.118232708587477,-0.129134854374957
"82",1.12740476920677,"TOI1577360",-0.467402103435989,-0.414996610250368,-0.473045983852359,-0.467345136297001,0.289646764353587,0.897189512669546,1.21426550114763,0.574017113473339,-1.65365520864934,0.420200522617265,0.0832534431931204,1.72941816410097,0.0597241328738222,0.232575681597648,-1.58398281923695,1.12970485356571,0.212430320990022,0.356924827054015,1.14299241623666,1.57742199924893,-20.0515463917526,-197.979426665459,1.6686402939352,3.22232956420588,"TOI1577",0.376000222315427,0.235958322940915,0.0925901558610898,-0.204135974628308,-1.32273231842449,0.010017983497964,-0.405140816260209,0.0290017486834861,-0.121648516390664,0.931585327203352,-0.355242537865914,0.614282103046072,0.587257389953867,-0.364993526897577,-1.09888399794939,-0.381512980189229,2.53844309885033,2.20566245999763,2.70128887205678,-1.44929934464046,2.16339438537977,1.96643480356227,0.186151628593368
"83",1.16075389911388,"TOI1596",-1.60285153607522,-1.54918896758929,-1.95209229615146,-1.65151412533171,2.47906901144934,0.0606743923317118,0.231482834049161,-0.409520439850038,-1.51609446656302,-0.0335829878360928,-0.267424923589394,0.679731370365126,0.43771944225426,0.638410056302444,-1.0682674827412,0.263863604990812,0.596291733282149,0.631330920622875,1.17816141365933,-0.751408949534525,-13.1944444444444,-203.975123920614,-0.277334081331615,-0.35939025385283,"TOI1596",-0.136174513944119,0.452459058169735,1.34163487263705,1.83755971404431,-0.315390012798805,0.819971949308358,0.239752436814214,1.49174709798016,-1.42029677594131,-0.00778095356305219,0.0156360170332337,NA,0.531859361503941,0.204573240728492,-0.0275271620678674,0.0894566251177838,-0.550149458983122,-0.491832840234609,-0.273182570626049,-0.940948717210217,0.0682521335853203,-0.201648423235083,0.191496638234323
"84",1.19410302902099,"TOI1596120",-0.555229083961505,-0.51729210179765,-0.920283782970678,-0.44907704156133,1.79628279330781,0.0606743923317118,0.231482834049161,-0.409520439850038,-1.51609446656302,-0.0335829878360928,-0.267424923589394,0.679731370365126,0.43771944225426,0.638410056302444,-0.965124415442051,0.263863604990812,0.596291733282149,0.631330920622875,1.21333041108199,0.268714873237812,-22.8289473684211,-280.322123934918,0.315645824443647,0.83451635216674,"TOI1596",-0.277643133020647,0.697984727699776,1.1063177823067,-0.413985165993732,-0.220733988736884,0.819971949308358,-0.405140816260209,1.49174709798016,-1.42029677594131,0.612048111844651,-0.497880813450525,NA,0.602734671651467,-0.266343702373233,-0.831310457460689,-0.39896529715691,1.47946700905216,1.27504158636829,1.36025739351636,-0.940948717210217,1.26497108149009,1.22004549597629,0.191496638234323
"85",1.2274521589281,"TOI1596240",-0.555229083961505,-0.51729210179765,-0.920283782970678,-0.44907704156133,1.79628279330781,0.0606743923317118,0.231482834049161,-0.409520439850038,-1.51609446656302,-0.0335829878360928,-0.267424923589394,0.679731370365126,0.43771944225426,0.638410056302444,-0.999505437875101,0.263863604990812,0.596291733282149,0.631330920622875,1.24849940850466,1.37307604370871,-19.4339622641509,-195.891480585567,1.26285932281661,1.33197743800823,"TOI1596",-0.663242273429478,0.234355949012461,1.33496268295229,0.43136929593978,0.102906073577521,0.181826400488048,0.815549984202093,0.820947372466162,-0.844548801860173,-0.0579151301948179,0.0295746317271206,NA,0.180904055848797,0.217169527434402,-0.540483426592719,0.351460381214788,1.05827042118844,0.71288340455309,1.30180681101384,-0.940948717210217,1.25104243791056,0.367029144449468,0.13233268289704
"86",1.26080128883521,"TOI1596360",-1.60285153607522,-1.54918896758929,-1.95209229615146,-1.65151412533171,2.47906901144934,0.0606743923317118,0.231482834049161,-0.409520439850038,-1.51609446656302,-0.0335829878360928,-0.267424923589394,0.679731370365126,0.43771944225426,0.638410056302444,-1.03388646030815,0.263863604990812,0.596291733282149,0.631330920622875,1.28366840592733,-1.46991509893693,-10,-129.178694806214,-0.737996156892564,-0.657866905357722,"TOI1596",-0.258628100662513,-0.42006120660832,1.45730824905288,2.99601362281257,-0.315390012798805,-1.1435528162926,-0.382108914364694,1.49174709798016,-1.42029677594131,-0.843286412874782,0.452764712098511,NA,-0.982370145730347,-0.420181990726727,0.577511849934933,-0.311862484151134,-1.30059336103587,-0.737205554399185,-0.814184253674459,-0.940948717210217,-1.01904981338523,-0.805868338899918,1.24843208281452
"87",1.29415041874233,"TOI533",-0.163473196801658,-0.253437709841948,-0.252986211662787,-0.419886203006647,-0.273644466927638,0.408640165323307,0.576495344610503,1.22564590237681,1.27659417023147,0.048387292369724,-0.372366227809114,0.610673093664584,-0.414361729893139,-0.258028194105361,0.135068302415554,0.646832338150316,-0.449446445471799,-0.415735474839778,1.31883740334999,-1.05203255202271,-7.84090909090909,-116.261587132285,-0.617944828110013,-0.558374688189425,"TOI533",-0.350057312296018,-0.244948725743925,0.0279222237480661,1.27361613397955,-1.19180527366021,0.451811055758179,0.0785291235456087,-0.453787858214704,0.5766665853773,-0.202159143191011,0.814197388396564,-0.0752604595897193,0.39630143761369,-0.0684311843349029,-0.486151622422788,-0.125775131483266,0.148800627485686,-0.011166595676893,-0.16057750663015,-0.0158596944865008,0.256994891970745,0.0826903606071922,0.01340598035487
"88",1.32749954864944,"TOI533120",-0.163473196801658,-0.253437709841948,-0.252986211662787,-0.419886203006647,-0.273644466927638,0.408640165323307,0.576495344610503,1.22564590237681,1.27659417023147,0.048387292369724,-0.372366227809114,0.610673093664584,-0.414361729893139,-0.258028194105361,0.203830347281655,0.646832338150316,-0.449446445471799,-0.415735474839778,1.35400640077266,-0.887972818107932,-7.04081632653061,-152.447937521811,-0.737996156892564,-0.657866905357722,"TOI533",-0.178323711303432,0.660136614370445,0.189911111847187,1.27361613397955,-0.585419576937446,1.18813284285854,1.04586900315724,0.430758685875898,-0.404835937091133,-0.271827365612121,-0.371668570313114,1.15301281263563,0.101220205465654,-0.209762016377558,-0.61527651817863,-0.194780047156378,0.127143552743627,0.381155665226373,0.314773955323998,-0.0158596944865008,0.365262637859798,0.22485975252833,0.34558991770076
"89",1.36084867855655,"TOI533240",-0.163473196801658,-0.253437709841948,-0.252986211662787,-0.419886203006647,-0.273644466927638,0.408640165323307,0.576495344610503,1.22564590237681,1.27659417023147,0.048387292369724,-0.372366227809114,0.610673093664584,-0.414361729893139,-0.258028194105361,0.169449324848604,0.646832338150316,-0.449446445471799,-0.415735474839778,1.38917539819533,-0.649651884047437,-5.37735849056604,-47.3107635794751,-0.646290280739227,-0.558374688189425,"TOI533",0.192383844124224,-0.272663591339773,-0.0163295593268373,0.430801252584912,-0.982623480956473,0.181826400488048,-0.566364129528815,-1.33986512191016,1.48598053032613,0.0599306567182386,0.965632638218491,0.900969093916924,-0.61030128408497,-1.01877857133693,-0.790024806584312,-0.777260481958997,-0.193129305434965,-0.300246826870238,-0.375333110270894,-0.0158596944865008,-0.16898235710067,0.402571492429752,-0.147950136015529
"90",1.39419780846366,"TOI533360",-0.163473196801658,-0.253437709841948,-0.252986211662787,-0.419886203006647,-0.273644466927638,0.408640165323307,0.576495344610503,1.22564590237681,1.27659417023147,0.048387292369724,-0.372366227809114,0.610673093664584,-0.414361729893139,-0.258028194105361,0.100687279982504,0.646832338150316,-0.449446445471799,-0.415735474839778,1.42434439561799,-1.63415844536496,-2.7027027027027,-49.9938463741434,-0.737996156892564,-0.657866905357722,"TOI533",-0.858199210590795,-0.401137149943654,-0.0852083427851962,0.555531924301421,-1.19180527366021,0.623619472748262,0.654326670933487,-1.69242171116256,1.84965766370608,-0.626230767790227,0.990222811574362,0.877682809069704,-0.183691009218237,0.05138103091076,-0.0926874268266108,-0.187096566064772,-1.20003478334435,-0.937412051890024,-0.707094437877602,-0.0158596944865008,-0.177952284911818,-0.201648423235083,0.141024006861003
"91",1.42754693837078,"WHIS25",0.57780417453508,0.664754848852289,0.587349054788203,0.447892762129966,-0.77262207279335,0.0553502407073428,0.0234879808948755,0.0608967329371803,0.0561445110017947,0.318675135398069,-0.260465711083336,-0.60475356415257,-0.460346559333827,-0.80521573782166,-0.311884989214098,-0.219008910424581,-0.531385707258386,-0.611579051565246,1.45951339304066,-0.161609971245812,-19.7169811320755,-224.661673068943,-0.608529037617264,-0.458882471021127,"WHIS25",-0.984026919229784,-0.798665757662483,-0.815314325491008,-0.0180347872430745,0.431538685228182,-0.186334493062131,-0.405140816260209,-0.117137173690335,0.221245268561052,0.416835956386605,-0.259316622864538,-0.209774962625074,0.100257027907273,-0.62398222808423,-0.917703746043196,-0.713309439372323,0.254331605065731,0.550261206332992,0.691855295764804,1.02550212906813,-0.0851641886835543,0.402571492429752,2.08578849932617
"92",1.46089606827789,"WHIS25120",0.57780417453508,0.664754848852289,0.587349054788203,0.447892762129966,-0.77262207279335,0.0553502407073428,0.0234879808948755,0.0608967329371803,0.0561445110017947,0.318675135398069,-0.260465711083336,-0.60475356415257,-0.460346559333827,-0.80521573782166,-0.243122944347998,-0.219008910424581,-0.531385707258386,-0.611579051565246,1.49468239046333,-0.168812999476918,-20,-173.515185644938,-0.467388653489274,-0.160405819516235,"WHIS25",-0.669360566119252,-0.232541992942033,-0.738649047263275,0.214726444305161,0.431538685228182,1.43357343855866,0.35491194629179,-0.4276912287346,0.48972133810888,0.826313178959299,0.216615385370957,-0.203528740879072,-0.762361829755682,-1.27331656580318,-1.16141453635753,-0.99004755507567,1.02283912577119,0.600409901087871,0.436906004014174,1.02550212906813,0.258753559534605,1.36221488789743,-1.53008446276696
"93",1.494245198185,"WHIS25240",0.57780417453508,0.664754848852289,0.587349054788203,0.447892762129966,-0.77262207279335,0.0553502407073428,0.0234879808948755,0.0608967329371803,0.0561445110017947,0.318675135398069,-0.260465711083336,-0.60475356415257,-0.460346559333827,-0.80521573782166,-0.277503966781048,-0.219008910424581,-0.531385707258386,-0.611579051565246,1.52985138788599,-0.217785191415533,-26.9642857142857,-276.247288134325,-0.549344068805699,-0.35939025385283,"WHIS25",0.0387606196125103,-0.68963157900544,-0.791798714535778,-0.0180347872430745,0.431538685228182,-0.0881582547820839,1.32225182590343,-0.174555276736246,0.285818350268861,0.281412735824024,-0.287280204273063,-1.23962790363777,-0.888975234019006,-1.00267095966733,-0.299008836203874,-0.96848296110252,-0.470980120343368,-0.19509104535564,-0.209002080422422,1.02550212906813,-0.392905616997673,0.438113840410036,-1.68213785887487
"94",1.52759432809211,"WHIS25360",0.57780417453508,0.664754848852289,0.587349054788203,0.447892762129966,-0.77262207279335,0.0553502407073428,0.0234879808948755,0.0608967329371803,0.0561445110017947,0.318675135398069,-0.260465711083336,-0.60475356415257,-0.460346559333827,-0.80521573782166,-0.208741921914947,-0.219008910424581,-0.531385707258386,-0.611579051565246,1.56502038530866,-0.483051231083029,-20.3125,-209.441790786814,-0.657473924172561,-0.558374688189425,"WHIS25",-1.05108795196276,-0.945400814425378,-0.874501935819678,-0.450754911108378,0.627904222949812,-1.60988994812282,-1.16519357881221,-0.786174542358931,0.866319082515855,-0.255757485578523,0.204855176122043,-0.857404508962013,0.358556552204643,-0.908051441438857,-0.821786968018826,-0.817910736029288,0.409399124217055,0.244726253643509,-0.106756679294643,1.02550212906813,-0.37440232253187,0.22485975252833,-1.00866773807833
"95",1.56094345799923,"WHIS64",-0.357144990231178,-0.423430569173087,-0.478031713338842,-0.472803145292783,0.292497751009614,-0.716911459539344,-0.691872732148082,-0.522287593246939,0.545992290016846,-0.593981561796814,-0.0481041016776434,0.07201787680863,0.224332125671592,-0.161814801731294,-0.415028056513248,-0.701881425839976,0.274318398677161,0.0723342421287856,1.60018938273133,-1.50887025161537,5.625,-81.080111758444,-0.737996156892564,-0.657866905357722,"WHIS64",1.17539960399371,0.257285886367664,1.38167580436662,0.0566263482057588,0.270790789649858,-0.701759744032382,-0.819715050379481,1.49174709798016,-1.42029677594131,-1.13674615823884,1.32186452857847,NA,-0.714769003878624,0.656176017164369,1.85463621969429,0.673481072723976,0.309030177128288,-0.664686292930057,-0.480992528737079,1.11336082302183,-1.29648173102091,-1.19683416668305,-0.0114216340009184
"96",1.59429258790634,"WHIS64120",-0.357144990231178,-0.423430569173087,-0.478031713338842,-0.472803145292783,0.292497751009614,-0.716911459539344,-0.691872732148082,-0.522287593246939,0.545992290016846,-0.593981561796814,-0.0481041016776434,0.07201787680863,0.224332125671592,-0.161814801731294,-0.449409078946299,-0.701881425839976,0.274318398677161,0.0723342421287856,1.63535838015399,-0.721976167510813,-22.5,-394.025069616115,-0.737996156892564,-0.657866905357722,"WHIS64",0.914133836045055,-0.119051675289714,1.16463160934197,-0.772325455475147,-0.001952858763227,-1.24172905457264,-0.980938363648087,-0.0522736564838636,0.138758456265805,-0.944100051488754,-0.51033918261677,NA,0.669035603305802,1.38913417043862,1.03247385187051,0.795678988111725,-1.44043552709599,-0.785122795166706,-1.1613238353451,1.11336082302183,-1.13164371272643,-1.12574947072248,-0.406737195598885
"97",1.62764171781345,"WHIS64240",-0.357144990231178,-0.423430569173087,-0.478031713338842,-0.472803145292783,0.292497751009614,-0.716911459539344,-0.691872732148082,-0.522287593246939,0.545992290016846,-0.593981561796814,-0.0481041016776434,0.07201787680863,0.224332125671592,-0.161814801731294,-0.346266011647148,-0.701881425839976,0.274318398677161,0.0723342421287856,1.67052737757666,-0.898572859653088,-20.8333333333333,-228.285628485846,-0.737996156892564,-0.657866905357722,"WHIS64",1.17992432162465,0.561434775782162,1.28022352215922,0.0566263482057588,0.270790789649858,-1.24172905457264,0.0324653197545786,1.49174709798016,-1.42029677594131,-1.35511690328622,-0.126440540134018,NA,-0.340413992854461,-0.652781811915603,3.18326898909409,-0.604136381828743,-1.44043552709599,-1.73875038483622,-1.77750485548447,1.11336082302183,-1.62066961584959,-1.26791886264362,-0.406737195598885
"98",1.66099084772056,"WHIS64360",-0.357144990231178,-0.423430569173087,-0.478031713338842,-0.472803145292783,0.292497751009614,-0.716911459539344,-0.691872732148082,-0.522287593246939,0.545992290016846,-0.593981561796814,-0.0481041016776434,0.07201787680863,0.224332125671592,-0.161814801731294,-0.380647034080198,-0.701881425839976,0.274318398677161,0.0723342421287856,1.70569637499932,-1.54782540429381,-10,-113.331076504872,-0.737996156892564,-0.657866905357722,"WHIS64",1.10321266737113,-0.118174976142858,1.51673345757181,0.674879513436806,0.32311160231652,-0.873568161022466,-0.888810756066027,0.845372774934112,-0.765191779087253,-1.41246809190913,0.519576838688125,NA,-0.629950106275947,-0.246783027641646,2.80286321449846,-0.432541119740749,-1.44043552709599,-1.71235966765527,-1.66943292356842,1.11336082302183,-1.51529240102163,-1.19683416668305,-0.16550409263619
