"","X","site","Avg_pdc","Avg_delta_pdc","Weighted_pdc","prop_died","n.died","Cluster","Swness","Slope","Elev","Tpi","Cum_cwd","Percent.Clay","Avg_depth","Pct_pimo","Pct_juos","SDI.Plot","Weighted_pimo","Weighted_juos","avg_height","avg_Diam","avg_ENN","avg_BA","avg_BA_2m","avg_BA_4m","avg_BA_6m","fdsi_anom","BA.Plot","Dens.Plot","X","cwd_total_10_yr","cwd_normal_cum","cwd_normal_summer","cwd_peak_summer","cwd_peak_anom","vpd_normal_growing_season_avg","vpd_normal_annual_max","vpd_peak_vpd","vpd_peak_anom","avg_summer_tmax","peak_tmax","peak_winter_tmin","avg_ann_ppt","min_ann_ppt","tmean","ppt","Pndjfm","AWC"
"1",1,"DES1014",72.8571428571429,-14.375,-174.436018179587,0.636363636363636,35,"DES1014",-0.957873,15.4474,2075.98999,-33.595001,187.207993,9.6,25.75555556,0.935654173853954,0.0640496227762968,573.93,-190.58123008664,NA,5.0562962962963,27.8293891424069,1.90111595459874,801.968361640946,474.919985437243,2043.05946865484,4881.09453040638,-1.97877960814566,4.33072915286111,54,1,3688.29286670685,352.409096300602,231.049015045166,282.763671875,1.2238254805792,12.59658,19.7938,23.4708,1.18576523962049,29.0463331858317,1.13164022190306,-3.83999991416931,52.3966437747836,38.8823192842007,8.35999965667725,246.320007324219,26.3165166121642,16.9743491443045
"2",2,"DES1014120",40.4464285714286,-14.0178571428571,-126.832289284137,0.109756097560976,9,"DES1014",-0.949032,13.239,2078.580078,-12.2397,223.692001,12.9,23.6,0.737071048815853,0.261543418720799,620.7,-150.253641229599,-77.3872129548271,4.89482142857143,23.06822764854,1.86945572469165,579.325198660714,236.898000892857,1090.54383258929,2803.53357723214,-1.97877960814566,3.2443211125,56,2,3688.29286670685,352.409096300602,231.049015045166,282.763671875,1.2238254805792,12.59658,19.7938,23.4708,1.18576523962049,29.0463331858317,1.13164022190306,-3.83999991416931,52.3966437747836,38.8823192842007,8.35999965667725,246.320007324219,26.3165166121642,7.03166021004436
"3",3,"DES1014240",50.0877192982456,-1.75438596491228,-28.7625748851626,0.411764705882353,21,"DES1014",-0.998216,14.3468,2091.949951,-13.2065,187.207993,9.8,36.66666667,0.868018626181357,0.131843606205053,362.93,-43.2395221260304,74.6441911210363,4.99509090909091,27.2421622054789,1.6523873861377,856.041302727273,901.639346363636,2981.34182181818,5831.82251272727,-1.94750296928208,4.708327165,55,3,3688.29286670685,352.409096300602,231.049015045166,282.763671875,1.2238254805792,11.28272,18.1222,22.3992,1.23600887309488,26.6909998575846,1.13971002355124,-2.19000005722046,73.5708457428694,53.7006796257496,7.59000015258789,339.25,38.6948680443287,18.1330284039839
"4",4,"DES1014360",44.25,-15.25,-143.890759395797,0.116279069767442,5,"DES1014",0.069695,10.1331,2076.639893,-32.057899,273.889008,9.7,17,0.871715568942796,0.127504504746793,371.83,-154.091411642069,-52.0848891793502,5.10076923076923,23.3434383085588,1.90357126280321,536.027323717949,289.902066923077,977.720570128205,2458.22968064103,-1.97877960814566,2.0906065625,39,4,3688.29286670685,352.409096300602,231.049015045166,282.763671875,1.2238254805792,12.59658,19.7938,23.4708,1.18576523962049,29.0463331858317,1.13164022190306,-3.83999991416931,52.3966437747836,38.8823192842007,8.35999965667725,246.320007324219,26.3165166121642,18.1648194195048
"5",5,"DES105",61.5384615384615,-0.769230769230769,1.37851320012284,0.613636363636364,27,"DES105",0.223765,29.3311,1966.349976,-19.5702,206.466003,11.4,21.8,1,0,362.45,1.37851320012284,NA,3.84134615384615,24.779762794356,1.93014636547757,604.866366346154,412.700636538462,1681.84814903846,3711.96375288462,-2.02087056313903,3.145405105,52,5,3140.94029808044,300.033383846283,196.211326599121,242.930099487305,1.23810436277022,13.63118,21.321,25.0773,1.17617841564655,29.883333269755,1.12638036538847,-3.25999999046326,49.5439704068005,36.6394998788834,9.13000011444092,237.440002441406,26.2553873320818,18.6502389459959
"6",6,"DES105120",23.1818181818182,-6.81818181818182,-56.6944883395973,0.111111111111111,2,"DES105",0.520718,28.1231,1995.099976,-19.5702,227.535004,10.1,23.8,1,0,93.17,-56.6944883395973,NA,3.695,20.7016535920175,5.62264647010833,418.026335625,0,184.52681,380.31307125,-2.02087056313903,0.418126335625,10,6,3140.94029808044,300.033383846283,196.211326599121,242.930099487305,1.23810436277022,13.63118,21.321,25.0773,1.17617841564655,29.883333269755,1.12638036538847,-3.25999999046326,49.5439704068005,36.6394998788834,9.13000011444092,237.440002441406,26.2553873320818,15.9581679232864
"7",7,"DES105240",60.9090909090909,-20.4545454545455,-251.672757722013,0.333333333333333,6,"DES105",-0.834002,33.964298,1978.329956,-24.3967,219.408005,20.2,24.8,0.904841302923837,0.0950991484547133,167.93,-287.305206178631,NA,4.36571428571429,29.8067400584488,4.7931169993675,810.087478571429,0,348.058907142857,723.615242857143,-2.02087056313903,0.567161235,7,7,3140.94029808044,300.033383846283,196.211326599121,242.930099487305,1.23810436277022,13.63118,21.321,25.0773,1.17617841564655,29.883333269755,1.12638036538847,-3.25999999046326,49.5439704068005,36.6394998788834,9.13000011444092,237.440002441406,26.2553873320818,7.46563888469127
"8",8,"DES105360",29.7777777777778,-13.6666666666667,-120.481306529109,0.106060606060606,7,"DES105",-0.911216,12.7906,1955.060059,-18.611601,206.466003,9.6,29,1,0,233.6,-120.481306529109,NA,4.14190476190476,16.6767306220646,1.61247450885958,270.733416666667,197.735332142857,762.678525,1830.49869880952,-2.02087056313903,1.13718035,42,8,3140.94029808044,300.033383846283,196.211326599121,242.930099487305,1.23810436277022,13.63118,21.321,25.0773,1.17617841564655,29.883333269755,1.12638036538847,-3.25999999046326,49.5439704068005,36.6394998788834,9.13000011444092,237.440002441406,26.2553873320818,17.6754472151241
"9",9,"DES998",20.2758620689655,-2,-21.2882082353739,0.0333333333333333,1,"DES998",0.722138,21.713699,2117.350098,23.7852,306.928986,4.6,16.8,0.806322914373762,0.193539511336122,363.44,-0.651562063987817,-100.395351892354,5.38111111111111,29.9177033207256,2.83908452981983,830.928771296296,340.953286111111,946.50187037037,2899.05728981481,-1.97635654798618,2.2436076825,27,9,3740.39855670929,358.696573883295,226.317268371582,271.588035583496,1.20003231542007,11.92334,18.8156,21.7692,1.15697612619316,28.4860000610352,1.12862463866436,-4.03000020980835,49.9374161292315,36.7893604323864,7.92000007629395,239.949996948242,24.605149263984,21.1655896933404
"10",10,"DES998120",27.2727272727273,-7.72727272727273,-131.020995813373,0,0,"DES998",0.994801,31.3566,2133.100098,51.2976,326.259003,6.9,12.2,0.187953644403782,0.767063129002745,327.9,-63.6901917548038,-187.129999195514,3.11545454545455,31.0790546859573,5.43928049707313,1033.9549,0,488.666781818182,1348.11261363636,-1.97635654798618,1.13745039,11,10,3740.39855670929,358.696573883295,226.317268371582,271.588035583496,1.20003231542007,11.92334,18.8156,21.7692,1.15697612619316,28.4860000610352,1.12862463866436,-4.03000020980835,49.9374161292315,36.7893604323864,7.92000007629395,239.949996948242,24.605149263984,15.1848086813723
"11",11,"DES998240",19.5833333333333,-4.16666666666667,-55.9031235019157,0.04,1,"DES998",0.814494,16.819799,2104.310059,23.7852,306.928986,5.3,16.8,0.756259370314843,0.238718140929535,266.8,-67.7332701039448,-32.2428302978576,4.73541666666667,25.3433221944621,3.26237724537374,582.052641666667,33.4210479166667,654.776022916667,1521.06375416667,-1.97635654798618,1.39702634,24,11,3740.39855670929,358.696573883295,226.317268371582,271.588035583496,1.20003231542007,11.92334,18.8156,21.7692,1.15697612619316,28.4860000610352,1.12862463866436,-4.03000020980835,49.9374161292315,36.7893604323864,7.92000007629395,239.949996948242,24.605149263984,11.5049759852847
"12",12,"DES998360",47.2727272727273,-13.1818181818182,-269.748449593905,0.24,6,"DES998",0.151181,22.038799,2116.139893,45.669399,260.609009,7.1,21.4,0.490381522228656,0.469664800874992,621.72,-197.711398026389,-514.674424923459,5.57142857142857,44.150394526832,4.03553371616247,1952.27686428571,215.409607142857,1276.32756904762,4438.70995714286,-1.97635654798618,4.099881415,21,12,3842.11531734467,368.631008923054,231.649696350098,277.292640686035,1.19703433699717,11.92334,18.8156,21.7692,1.15697612619316,28.4860000610352,1.12862463866436,-4.03000020980835,49.9374161292315,36.7893604323864,7.92000007629395,239.949996948242,24.605149263984,26.3812345107331
"13",13,"DIA248",28.1578947368421,-11.8421052631579,-191.13453956828,0.0909090909090909,2,"DIA248",0.330608,34.889301,2347.48999,-16.5371,51.8876,12.2,30.2,0.47126521037971,0,272.84,-56.1139728663238,NA,4.05631578947368,29.7415692564168,3.15464736529361,863.669650501253,206.043907894737,824.375285213033,1774.14770989975,-1.03168054144551,1.64107233595238,19,13,2560.06954860687,249.046794652939,186.630142211914,240.742359161377,1.28994360883045,10.79456,17.3007,21.3926,1.23651644153127,25.6656666437785,1.14666806491503,-4.40999984741211,96.9716121385574,74.4321597480774,6.84999990463257,407.160003662109,48.9039747630755,7.10571691871941
"14",14,"DIA248120",30.7142857142857,-28.5714285714286,-425.963192771072,0,0,"DIA248",0.161934,27.5987,2368.379883,21.1404,51.8876,15.5,27.4,1,0,69.9,-425.963192771072,NA,5.35428571428571,25.8848211396645,5.05084173523154,590.268414285714,0,372.910885714286,1162.02652857143,-1.03168054144551,0.41328789,7,14,2560.06954860687,249.046794652939,186.630142211914,240.742359161377,1.28994360883045,10.79456,17.3007,21.3926,1.23651644153127,25.6656666437785,1.14666806491503,-4.40999984741211,96.9716121385574,74.4321597480774,6.84999990463257,407.160003662109,48.9039747630755,19.6973356830044
"15",15,"DIA248240",20.3333333333333,-18.3333333333333,-246.618413092915,0,0,"DIA248",0.09279,21.0096,2315.51001,18.1819,41.8382,12.9,20,1,0,230.9,-246.618413092915,NA,5.22066666666667,25.0269976820421,3.36420262184812,558.270543333333,141.75373,561.235226666667,1141.46536,-1.03168054144551,0.837505815,15,15,2560.06954860687,249.046794652939,186.630142211914,240.742359161377,1.28994360883045,10.79456,17.3007,21.3926,1.23651644153127,25.6656666437785,1.14666806491503,-4.40999984741211,96.9716121385574,74.4321597480774,6.84999990463257,407.160003662109,48.9039747630755,31.6800430294421
"16",16,"DIA248360",12.5,-5.55555555555556,-85.3173403674399,0,0,"DIA248",0.580568,41.366001,2329.409912,-16.5371,72.415001,9.8,22.2,0.578807740324594,0,192.24,-56.8696734824192,NA,4.42333333333333,27.1287113852627,3.51116826251828,648.632852777778,12.6655388888889,559.5637,1554.42254722222,-1.03168054144551,1.167639135,18,16,2126.07517528534,208.803641289473,157.560056686401,214.264575958252,1.35989146275006,10.79456,17.3007,21.3926,1.23651644153127,25.6656666437785,1.14666806491503,-4.40999984741211,96.9716121385574,74.4321597480774,6.84999990463257,407.160003662109,48.9039747630755,29.9846111493601
"17",17,"DIA333",32.6388888888889,-18.6055555555556,-282.504643724549,0,0,"DIA333",0.835551,7.94399,2046.050049,5.01648,263.194,12.7,38,0.569742245962357,0.42196830356018,793.78,-402.386805522505,-196.874528154581,5.63878787878788,31.9479575309305,2.85422960723292,1018.70211212121,297.348009090909,1461.0439030303,3428.095,-1.20188016961647,3.36181697,33,17,3263.4839849472,317.75053691864,228.41773223877,281.106597900391,1.230668893983,12.17588,19.2661,23.2374,1.20612889998495,27.7203333536784,1.13779298802487,-4.84999990463257,72.8192601479988,51.5035800557136,7.67999982833862,306.829986572266,34.8268713875532,19.5556251469505
"18",18,"DIA333120",20.1785714285714,-4.10714285714286,-32.5609386313267,0.0294117647058824,1,"DIA333",0.797774,7.97388,2049.889893,5.01648,263.194,12.8,17.6,0.509128664275505,0.480758339850597,741.62,-64.4216477385425,-0.754093333657941,4.82,32.1254974921949,2.69526342899302,1062.12535185185,342.221331481481,1262.66087037037,3349.44672222222,-1.20188016961647,2.86783845,27,18,3263.4839849472,317.75053691864,228.41773223877,281.106597900391,1.230668893983,12.17588,19.2661,23.2374,1.20612889998495,27.7203333536784,1.13779298802487,-4.84999990463257,72.8192601479988,51.5035800557136,7.67999982833862,306.829986572266,34.8268713875532,7.57593090770577
"19",19,"DIA333240",29.2727272727273,-18.4545454545455,-234.21802253822,0.0483870967741935,3,"DIA333",0.87386,9.8809,2037.27002,5.01648,243.815002,12.5,18,0.847219036697248,0.143162270642202,697.6,-230.860987873578,-277.027420587894,5.03410714285714,22.3767079672711,2.21348207561386,467.559077678571,270.229880285714,1035.35254189286,2517.68572121429,-1.20188016961647,2.618430835,56,19,3263.4839849472,317.75053691864,228.41773223877,281.106597900391,1.230668893983,12.17588,19.2661,23.2374,1.20612889998495,27.7203333536784,1.13779298802487,-4.84999990463257,72.8192601479988,51.5035800557136,7.67999982833862,306.829986572266,34.8268713875532,19.4349446232401
"20",20,"DIA333360",28.0434782608696,-19.3478260869565,-308.615130463792,0,0,"DIA333",0.621619,1.04291,2044.780029,5.08264,260.390991,15.1,20,0.60540329131442,0.384939378440988,332.39,-253.687342869158,-464.243861981923,5.08304347826087,30.3171343345615,2.50395816521039,865.413693478261,361.652913043478,1383.42256521739,2457.49745,-1.20188016961647,1.990551495,23,20,3263.4839849472,317.75053691864,228.41773223877,281.106597900391,1.230668893983,12.17588,19.2661,23.2374,1.20612889998495,27.7203333536784,1.13779298802487,-4.84999990463257,72.8192601479988,51.5035800557136,7.67999982833862,306.829986572266,34.8268713875532,19.9491349256191
"21",21,"FC791",25.4814814814815,-14.0925925925926,-201.124974037032,0.0161290322580645,1,"FC791",0.753962,3.07639,2213.649902,37.958698,276.704987,15.5,15.6,0.424135259422173,0.536026691992402,800.24,-137.242916973901,-367.218322401174,3.63471698113208,24.591813236064,2.05273961602171,692.405165945283,217.722457269811,1777.11355255283,3972.81970142453,-1.5774787050204,3.66984737951,53,21,3736.10775184631,354.576855733991,232.595008850098,280.069923400879,1.20410977340179,11.74268,18.685,23.0403,1.23309071447685,27.1686666488647,1.13733956906647,-3.96000003814697,68.5274217549205,43.5940203924179,7.61999988555908,289.130004882812,31.2065246308565,19.4511327020671
"22",22,"FC791120",19.6739130434783,-6.41304347826087,-48.5674552474891,0,0,"FC791",-0.097517,9.6662,2210.669922,37.570301,276.704987,20.2,15,0.632450188938509,0.365381312263827,465.76,-54.0504259216087,-36.0349508495012,3.30086956521739,20.0336890640793,1.87879234642641,384.425423445652,184.919209315217,993.829628413043,2109.8395545,-1.5774787050204,1.76845694785,46,22,3736.10775184631,354.576855733991,232.595008850098,280.069923400879,1.20410977340179,11.74268,18.685,23.0403,1.23309071447685,27.1686666488647,1.13733956906647,-3.96000003814697,68.5274217549205,43.5940203924179,7.61999988555908,289.130004882812,31.2065246308565,31.3602570093522
"23",23,"FC791240",30.78125,-11.5625,-150.694579525663,0,0,"FC791",0.984857,7.32285,2207.879883,32,280.498993,13.5,20.33333333,0.242295569237804,0.733435678006239,612.31,-142.335393416595,-159.05376563473,3.184375,33.8808218786656,2.56501867587949,1232.88469375,267.775765625,2148.88353125,4262.6611265625,-1.5774787050204,3.94533102,32,23,3641.62691020966,345.601112157106,229.247905731201,277.739273071289,1.21152370917161,11.74268,18.685,23.0403,1.23309071447685,27.1686666488647,1.13733956906647,-3.96000003814697,68.5274217549205,43.5940203924179,7.61999988555908,289.130004882812,31.2065246308565,18.9282622848471
"24",24,"FC791360",32.1052631578947,-10.2631578947368,-174.26368285042,0,0,"FC791",-0.881118,5.55873,2211.810059,37.958698,273.38501,12.8,12.4,0.235889307336607,0.709384087333746,839.08,-155.299817951484,-203.341609028789,3.26894736842105,29.7196948143692,2.10165495447375,971.624247368421,404.296071052632,2870.26924868421,5996.61685921053,-1.5774787050204,3.69227214,38,24,3601.22888469696,344.062089085579,231.424877166748,278.258094787598,1.20236898553955,11.74268,18.685,23.0403,1.23309071447685,27.1686666488647,1.13733956906647,-3.96000003814697,68.5274217549205,43.5940203924179,7.61999988555908,289.130004882812,31.2065246308565,19.2091092074559
"25",25,"FC795",37.5714285714286,-3.10714285714286,-71.5140703337875,0.121212121212121,4,"FC795",0.604188,15.343,2169.040039,0.082764,283.417999,21.9,18.4,0.105723452110473,0.823786635002911,875.87,-79.8650028059456,-69.6986502311444,2.79357142857143,39.1373887582438,2.56825377031123,1458.82101071429,513.44495,2144.33039107143,4123.39725535714,-1.58871686926396,4.08479883,28,25,3578.82793807983,339.311673909426,226.234310150146,272.05305480957,1.20252783332915,11.84158,18.8877,23.3301,1.23520068616083,27.4480000178019,1.13523753378034,-4.07999992370605,67.591685920608,43.0758600387573,7.69000005722046,286.140014648438,30.9105300113042,31.562606655128
"26",26,"FC795120",39.7619047619048,-4.04761904761905,-76.085860225175,0,0,"FC795",0.549953,15.9416,2178.870117,20.6199,283.417999,11.6,19.2,0,1,529.04,NA,-76.085860225175,2.33190476190476,44.7731457509619,3.20830713855798,1763.92415714286,464.754016666667,1112.08258571429,3202.85868809524,-1.58871686926396,3.70434073,21,26,3578.82793807983,339.311673909426,226.234310150146,272.05305480957,1.20252783332915,11.84158,18.8877,23.3301,1.23520068616083,27.4480000178019,1.13523753378034,-4.07999992370605,67.591685920608,43.0758600387573,7.69000005722046,286.140014648438,30.9105300113042,18.7884916987906
"27",27,"FC795240",40.7954545454545,-2.38636363636364,-31.2214230708106,0.24,12,"FC795",0.453777,15.4549,2159.600098,12.6445,283.417999,10.4,15.2,0.0339116903781355,0.937517549606889,1709.44,-56.1972280189446,-25.5284577336814,2.31152173913043,35.0483973747028,2.37937108534505,1353.55502173913,593.179618478261,2752.25675869565,6161.74316304348,-1.58871686926396,6.2264531,46,27,3578.82793807983,339.311673909426,226.234310150146,272.05305480957,1.20252783332915,11.84158,18.8877,23.3301,1.23520068616083,27.4480000178019,1.13523753378034,-4.07999992370605,67.591685920608,43.0758600387573,7.69000005722046,286.140014648438,30.9105300113042,17.8621971573905
"28",28,"FC795360",48.9285714285714,-14.4642857142857,-242.805637766664,0.161290322580645,5,"FC795",0.677101,16.012199,2165.030029,-4.34717,280.161011,6.7,22,0.121185927910796,0.146069236753393,925.52,-281.735436468309,-234.342638048915,3.35214285714286,33.5761121799495,2.68098253559173,1094.569775,231.034471428571,1646.61093214286,3991.63884464286,-1.58871686926396,3.06489537,28,28,3578.82793807983,339.311673909426,226.234310150146,272.05305480957,1.20252783332915,11.84158,18.8877,23.3301,1.23520068616083,27.4480000178019,1.13523753378034,-4.07999992370605,67.591685920608,43.0758600387573,7.69000005722046,286.140014648438,30.9105300113042,3.21082262644461
"29",29,"NP342",37.3333333333333,-33.1666666666667,-362.15245679244,0.108695652173913,5,"NP342",0.494633,13.326,2087.25,10.2314,271.842987,10.4,15,0.73741983226443,0.262025160335471,162.16,-373.605687490584,-324.520413069969,4.14896551724138,20.9187575644961,2.38767686574955,391.96674137931,234.127603448276,760.325825862069,1795.33425,-2.0574730187422,1.13680355,29,29,3986.63715076447,381.020485639572,243.037841796875,292.978820800781,1.20548643221431,12.83222,20.1952,23.8959,1.18324651402313,28.5593334197998,1.134130090277,-3.36999988555908,54.2000443228364,39.6620997819901,8.61999988555908,253.440002441406,27.570091412584,18.7216071668864
"30",30,"NP342120",35.6818181818182,-20.7954545454545,-226.998247090846,0.0909090909090909,5,"NP342",0.198115,10.6672,2075.110107,10.2314,296.760986,15.1,15.4,0.555539383353953,0.43980302258448,412.23,-243.340456773527,-195.403308370997,3.59363636363636,21.9516221455894,2.04441371071242,515.014980681818,248.1506625,789.404981818182,1854.53047840909,-2.0574730187422,2.266165915,44,30,3986.63715076447,381.020485639572,243.037841796875,292.978820800781,1.20548643221431,12.83222,20.1952,23.8959,1.18324651402313,28.5593334197998,1.134130090277,-3.36999988555908,54.2000443228364,39.6620997819901,8.61999988555908,253.440002441406,27.570091412584,19.653194573943
"31",31,"NP342240",31.1764705882353,-30.8823529411765,-317.553102353026,0.1,2,"NP342",-0.244842,16.176201,2085.639893,10.2314,296.760986,8.7,24,0.700294406280667,0.267419038272816,101.9,-263.275498537238,-417.062042681972,3.79529411764706,23.7639472817389,3.51330656450171,532.001888235294,40.3605441176471,350.499729411765,899.990494117647,-2.0574730187422,0.90450321,17,31,3986.63715076447,381.020485639572,243.037841796875,292.978820800781,1.20548643221431,12.83222,20.1952,23.8959,1.18324651402313,28.5593334197998,1.134130090277,-3.36999988555908,54.2000443228364,39.6620997819901,8.61999988555908,253.440002441406,27.570091412584,16.183426938508
"32",32,"NP342360",48.6170212765957,-31.9148936170213,-298.118356653466,0.233333333333333,14,"NP342",-0.930418,7.31678,2099.570068,16.371799,271.842987,5.2,31.6,0.45763629206849,0.54236370793151,406.48,-494.177130930524,-139.763192814304,3.21021276595745,21.964530882225,2.24045394218922,498.555159574468,121.406676595745,951.754944680851,2418.06568723404,-2.0574730187422,2.34330925,47,32,3986.63715076447,381.020485639572,243.037841796875,292.978820800781,1.20548643221431,12.83222,20.1952,23.8959,1.18324651402313,28.5593334197998,1.134130090277,-3.36999988555908,54.2000443228364,39.6620997819901,8.61999988555908,253.440002441406,27.570091412584,11.7558420427121
"33",33,"RAV339",66.3888888888889,-47.5925925925926,-484.029008238661,0.349206349206349,22,"RAV339",-0.82623,11.8007,1888.650024,3.36365,307.390991,10.2,43,0.45779673358993,0.5416623322584,480.65,-749.354011768512,-237.655790675228,5.13058591378264,20.9868532423009,2.01511623442886,413.604288888889,240.899055555556,1033.92146481481,2520.38103796296,-2.13429171683794,2.23356316,54,37,4432.43423175812,427.171397686005,266.587501525879,313.826126098633,1.17719744662586,13.32222,20.822,25.275,1.21386034002497,29.8963335037231,1.1362597763526,-3.08999991416931,54.2084257955551,40.6984201865196,8.76000022888184,244.970001220703,29.1032352746725,17.9597703413104
"34",34,"RAV339120",67.9838709677419,-43.0645161290323,-468.98953440925,0.341463414634146,28,"RAV339",-0.687204,11.3144,1879.430054,3.36365,296.613007,5.6,43,0.538357008548359,0.459478249877542,632.87,-615.365689520134,-322.613379298366,5.55745901639344,21.7723509588327,1.64807167322347,437.838556057754,505.160271000565,1505.87889369747,3038.49821196947,-2.13429171683794,2.6709151919523,61,38,4432.43423175812,427.171397686005,266.587501525879,313.826126098633,1.17719744662586,13.32222,20.822,25.275,1.21386034002497,29.8963335037231,1.1362597763526,-3.08999991416931,54.2084257955551,40.6984201865196,8.76000022888184,244.970001220703,29.1032352746725,13.6954465784122
"35",35,"RAV339240",58.9583333333333,-45.625,-499.235196464028,0.164179104477612,11,"RAV339",-0.858148,22.1653,1908.069946,16.6777,320.355988,7.4,43,0.609047926937687,0.388810312777823,494.92,-814.277020206352,-184.193372721704,4.16458333333333,20.8747583829241,2.43978954093388,423.02570625,168.5866,864.308877083333,2204.990425,-2.13429171683794,1.015361695,24,39,4432.43423175812,427.171397686005,266.587501525879,313.826126098633,1.17719744662586,13.32222,20.822,25.275,1.21386034002497,29.8963335037231,1.1362597763526,-3.08999991416931,54.2084257955551,40.6984201865196,8.76000022888184,244.970001220703,29.1032352746725,28.4178875492116
"36",36,"RAV339360",70.2083333333333,-53.75,-558.364611794705,0.375,21,"RAV339",0.022198,6.96892,1887.670044,0.49585,307.390991,4.6,43,0.579260070790494,0.420318557222316,474.64,-790.807334952478,-203.583613290735,5.61021276595745,23.1576887301347,2.01917721378344,502.760288085106,242.776224255319,1071.00346744681,2306.13840404255,-2.13429171683794,2.363073354,47,40,4432.43423175812,427.171397686005,266.587501525879,313.826126098633,1.17719744662586,13.32222,20.822,25.275,1.21386034002497,29.8963335037231,1.1362597763526,-3.08999991416931,54.2084257955551,40.6984201865196,8.76000022888184,244.970001220703,29.1032352746725,10.7245923975298
"37",37,"RAV358",80.1449275362319,-61.304347826087,-621.876981076364,0.72463768115942,50,"RAV358",-0.998476,8.5192,1826.109985,15.6694,354.848999,11.8,27.8,0.828519095540865,0.163964798517832,474.98,-793.63885782798,-135.218330280119,4.52405797101449,19.2768801681926,2.0183045255258,343.203858333333,201.474561231884,997.578466666667,2316.17247681159,-2.13429171683794,2.3682066225,69,41,4279.4379863739,408.600602895021,263.918830871582,310.154342651367,1.17518837752916,13.32222,20.822,25.275,1.21386034002497,29.8963335037231,1.1362597763526,-3.08999991416931,54.2084257955551,40.6984201865196,8.76000022888184,244.970001220703,29.1032352746725,19.1868959891203
"38",38,"RAV358120",51.4285714285714,-31.7857142857143,-374.812579857394,0.3125,5,"RAV358",0.692272,7.8495,1817.630005,15.6694,354.848999,9.7,35.8,0.52193698949825,0.475087514585764,171.4,-540.30512671992,-154.155850707359,4.37,25.4805491341895,3.8262792283307,634.950764285714,265.487710714286,736.406967857143,1150.60661071429,-2.13429171683794,0.88903107,14,42,4279.4379863739,408.600602895021,263.918830871582,310.154342651367,1.17518837752916,13.32222,20.822,25.275,1.21386034002497,29.8963335037231,1.1362597763526,-3.08999991416931,54.2084257955551,40.6984201865196,8.76000022888184,244.970001220703,29.1032352746725,18.2181056412832
"39",39,"RAV358240",54.5757575757576,-19.4242424242424,-261.536850645298,0.34375,11,"RAV358",0.89522,12.983,1824.280029,11.0083,354.346985,9.7,12,0.904300697546043,0.0884478345962764,398.54,-332.730142505714,58.8329627265716,4.82727272727273,27.4056451081232,2.46930221090984,675.030011868687,355.860265959596,934.476752070707,2660.46312409091,-2.13429171683794,2.22769903916667,33,43,4279.4379863739,408.600602895021,263.918830871582,310.154342651367,1.17518837752916,13.32222,20.822,25.275,1.21386034002497,29.8963335037231,1.1362597763526,-3.08999991416931,54.2084257955551,40.6984201865196,8.76000022888184,244.970001220703,29.1032352746725,18.2181056412832
"40",40,"RAV358360",58.9333333333333,-31.9333333333333,-298.35926177414,0.297619047619048,25,"RAV358",-0.698716,8.38064,1818.599976,12.8512,321.928009,14.5,27.8,0.70873520885372,0.289204514376356,548.47,-327.065676145189,-207.455616265819,3.73293333333333,19.8278101379991,1.59995599774084,369.87964,293.788124666667,1304.893654,2916.38392066667,-2.13429171683794,2.7741973,75,44,4279.4379863739,408.600602895021,263.918830871582,310.154342651367,1.17518837752916,13.32222,20.822,25.275,1.21386034002497,29.8963335037231,1.1362597763526,-3.08999991416931,54.2084257955551,40.6984201865196,8.76000022888184,244.970001220703,29.1032352746725,19.6716250836806
"41",41,"ROB926",35,-24,-260.118267746256,0,0,"ROB926",0.999848,16.0217,2170.699951,5.64453,232.738007,9.7,30.8,0.714312096029548,0.283471837488458,162.45,-294.598357548201,-208.398133043338,4.3745,23.9029514388668,3.49500659411302,620.2226125,71.5335175,337.629285,827.1603875,-1.36793361722862,1.240545225,20,45,3054.17709445953,287.139559164643,209.07735824585,270.241645812988,1.29254381287531,11.86146,18.8439,22.5266,1.19543194349365,27.8036664326986,1.13222475958114,-4.78999996185303,68.2614838132381,48.0796599297523,7.6100001335144,297.989990234375,33.8733551584005,15.4753772585848
"42",42,"ROB926120",23.0952380952381,-9.52380952380952,-118.49631586851,0,0,"ROB926",0.591054,16.0853,2167.449951,-7.38843,232.738007,9.7,27,0.53882064461368,0.459859005493599,424.13,-132.683096307293,-95.4427976554879,5.40285714285714,30.5494985544369,3.10600624521432,914.610228571429,428.127785714286,1485.24953095238,2882.87511904762,-1.36793361722862,1.92078148,21,46,3199.28099822998,303.548665121198,219.800197601318,274.332450866699,1.24809920036693,11.86146,18.8439,22.5266,1.19543194349365,27.8036664326986,1.13222475958114,-4.78999996185303,68.2614838132381,48.0796599297523,7.6100001335144,297.989990234375,33.8733551584005,15.4753772585848
"43",43,"ROB926240",17.4074074074074,-5.92592592592593,-74.872937027744,0,0,"ROB926",0.022059,11.4886,2160.959961,-6.35547,258.769989,18.6,29.4,0.351126530953476,0.643522969527233,239.23,-96.8376360910577,-67.1852923555841,5.23777777777778,25.4803304076464,2.388958286732,568.001577777778,310.194785185185,831.260340740741,2058.07927407407,-1.36793361722862,1.53370426,27,47,3054.17709445953,287.139559164643,209.07735824585,270.241645812988,1.29254381287531,11.86146,18.8439,22.5266,1.19543194349365,27.8036664326986,1.13222475958114,-4.78999996185303,68.2614838132381,48.0796599297523,7.6100001335144,297.989990234375,33.8733551584005,31.442286166538
"44",44,"ROB926360",20,-13.448275862069,-147.445010927401,0,0,"ROB926",0.926926,7.3854,2185.139893,5.64453,226.395996,9.7,14.2,0.778392291905805,0.221329437545654,287.49,-125.677437206003,-215.857385480366,4.71178571428571,21.9226053974577,2.72201441809321,421.169041071429,117.867469642857,564.873944642857,1636.297175,-1.36793361722862,1.179373315,28,48,3199.28099822998,303.548665121198,219.800197601318,274.332450866699,1.24809920036693,11.86146,18.8439,22.5266,1.19543194349365,27.8036664326986,1.13222475958114,-4.78999996185303,68.2614838132381,48.0796599297523,7.6100001335144,297.989990234375,33.8733551584005,15.4753772585848
"45",45,"ROB938",52.2535211267606,-10.7746478873239,-131.596696690065,0.123711340206186,24,"ROB938",-0.792706,12.6433,2183.560059,-2.48755,202.899002,19.3,33,0.52243904777887,0.476458178505502,834.26,-186.585339105999,-118.086000872077,4.68867132867133,17.5117501562521,1.12132732461597,302.378905304196,850.130760912587,3441.98207981119,7170.60075406643,-1.370131592267,4.32411834585,143,49,3046.27237224579,289.072462111712,209.933895111084,274.032081604004,1.30532557145669,10.51712,17.184,20.7689,1.20861848230912,25.132666460673,1.14751055952284,-3.52999997138977,100.593651660752,76.977239803791,6.82999992370605,426.359985351562,51.8659531342983,5.96430293878834
"46",46,"ROB938120",61.0576923076923,-13.7019230769231,-145.745874925986,0.246478873239437,35,"ROB938",-0.673609,10.2876,2176.060059,-12.7852,218.662003,16,18.8,0.513875852297884,0.367997874789693,564.65,-189.986548371638,-174.807514312598,3.90970873786408,19.4533973111761,1.09830897970029,366.986567145631,642.744257495621,2160.78846765191,4131.00829674643,-1.370131592267,3.7800616416,103,50,3046.27237224579,289.072462111712,209.933895111084,274.032081604004,1.30532557145669,10.51712,17.184,20.7689,1.20861848230912,25.132666460673,1.14751055952284,-3.52999997138977,100.593651660752,76.977239803791,6.82999992370605,426.359985351562,51.8659531342983,16.4008165595022
"47",47,"ROB938240",46.3698630136986,-6.71232876712329,-50.5503580542013,0.137931034482759,28,"ROB938",-0.725987,14.2851,2199.550049,-2.48755,202.899002,25.4,15.4,0.56436086636568,0.431641440760556,1005.58,-131.563954928796,54.5646989931383,4.33468965517241,17.3461209862027,1.08408538602415,295.567382758621,702.30463,2671.67900517241,5611.53517827586,-1.370131592267,4.28582705,145,51,3046.27237224579,289.072462111712,209.933895111084,274.032081604004,1.30532557145669,10.51712,17.184,20.7689,1.20861848230912,25.132666460673,1.14751055952284,-3.52999997138977,100.593651660752,76.977239803791,6.82999992370605,426.359985351562,51.8659531342983,18.8010370407911
"48",48,"ROB938360",41.9718309859155,-5,-36.1081620743228,0.0847457627118644,15,"ROB938",0.848848,16.9482,2188.459961,1.15698,224.102005,18.1,26.8,0.516502231618511,0.482217524077989,851.4,-35.6962422901542,-41.0449576417504,3.82887323943662,16.8467760029174,1.12474092497582,259.174033802817,621.590412676056,2199.47964295775,4588.70931690141,-1.370131592267,3.68037128,142,52,3046.27237224579,289.072462111712,209.933895111084,274.032081604004,1.30532557145669,10.51712,17.184,20.7689,1.20861848230912,25.132666460673,1.14751055952284,-3.52999997138977,100.593651660752,76.977239803791,6.82999992370605,426.359985351562,51.8659531342983,17.6029315084761
"49",49,"SHO424",24.8648648648649,-15.4054054054054,-144.952524484141,0.0416666666666667,2,"SHO424",0.935951,25.497801,2028.390015,46.628101,309.72699,7.1,28.8,0.466193906648657,0.494784631547351,533.04,-126.335256322918,-195.219148519444,4.17540540540541,24.0275525244631,1.86150184972006,557.392326351351,506.652790540541,1861.83457027027,2908.20923108108,-1.28102420713804,2.0624516075,37,53,3554.47962284088,341.385347053409,246.942024230957,306.859130859375,1.24263633059223,13.45404,21.0207,24.9764,1.18818117379535,27.8103335062663,1.15604516280377,-2.60999989509583,83.7166218926907,66.2889195203781,8.98999977111816,341.609985351562,43.8216040058136,15.8761461697262
"50",50,"SHO424120",34.7407407407407,-12.4259259259259,-120.632359107658,0.0285714285714286,2,"SHO424",0.823838,38.262501,2035.660034,42.256199,310.670013,17.9,18,0.354593540458953,0.628803462185772,748.66,-153.364603729249,-82.6629553466139,3.6412962962963,28.0886559055383,1.52411388193538,799.074386111111,777.898948148148,2802.89932037037,5914.92119351852,-1.28102420713804,4.315101685,54,54,3554.47962284088,341.385347053409,246.942024230957,306.859130859375,1.24263633059223,13.45404,21.0207,24.9764,1.18818117379535,27.8103335062663,1.15604516280377,-2.60999989509583,83.7166218926907,66.2889195203781,8.98999977111816,341.609985351562,43.8216040058136,19.4481964607386
"51",51,"SHO424240",24.4642857142857,-8.21428571428571,-121.790788133438,0.05,2,"SHO424",0.889241,20.7631,1985.540039,9.0083,275.73999,4.1,22.4,0.57438166828322,0.425284917555771,329.92,-163.834700743389,-46.1117454355264,4.3245584045584,23.3588832807896,2.40976336819371,583.511724074074,262.050735185185,938.300614814815,2477.8667462963,-1.28102420713804,1.575581655,27,55,3554.47962284088,341.385347053409,246.942024230957,306.859130859375,1.24263633059223,13.45404,21.0207,24.9764,1.18818117379535,27.8103335062663,1.15604516280377,-2.60999989509583,83.7166218926907,66.2889195203781,8.98999977111816,341.609985351562,43.8216040058136,8.87856131058776
"52",52,"SHO424360",30.0877192982456,-13.7719298245614,-157.244079846603,0.0540540540540541,4,"SHO424",0.988757,9.38646,2065.889893,47.859501,309.72699,10.1,13.8,0.524726012506874,0.464506310983797,781.97,-147.445826166828,-176.840587206153,4.03052631578947,24.5928466919429,1.68818792584835,642.706551754386,337.84650877193,2096.05885175439,4734.0582754386,-1.28102420713804,3.663527345,57,56,3554.47962284088,341.385347053409,246.942024230957,306.859130859375,1.24263633059223,13.45404,21.0207,24.9764,1.18818117379535,27.8103335062663,1.15604516280377,-2.60999989509583,83.7166218926907,66.2889195203781,8.98999977111816,341.609985351562,43.8216040058136,18.0142707194517
"53",53,"SHO446",40,-20.2020833333333,-226.715707071672,0.193548387096774,6,"SHO446",-0.621055,33.3186,2179.820068,11.0745,289.290985,8.8,28.75,1,0,77.03,-226.715707071672,NA,3.02047619047619,23.3010872768047,2.71083058976906,643.392756666667,129.206981666667,452.177384761905,1895.43059333333,-1.36283228408261,1.351224789,21,57,3289.06179141998,322.535756260157,228.507526397705,289.606109619141,1.26738105385245,11.3314,17.971,21.9434,1.22104501697179,25.2053333918254,1.16959371589972,-2.85999989509583,101.633274564861,77.1753605837822,7.69000005722046,410.339996337891,54.0821882712205,16.1355231934731
"54",54,"SHO446120",39.0909090909091,-4.54545454545455,-103.927407016368,0.0740740740740741,2,"SHO446",-0.404079,33.331299,2164.399902,-18.875999,286.388,4.6,9.6,1,0,118.64,-103.927407016368,NA,4.12545454545455,35.5716633227701,3.56496724927073,1466.01920813636,191.416804954545,202.668716636364,904.659168681818,-1.36283228408261,1.61272112895,11,58,3289.06179141998,322.535756260157,228.507526397705,289.606109619141,1.26738105385245,11.3314,17.971,21.9434,1.22104501697179,25.2053333918254,1.16959371589972,-2.85999989509583,101.633274564861,77.1753605837822,7.69000005722046,410.339996337891,54.0821882712205,9.12684267165045
"55",55,"SHO446240",65,-6.25,-54.9171800474019,0.375,3,"SHO446",-0.304787,32.4473,2186.52002,3.84302,255.893005,8.7,17.8,1,0,121.72,-54.9171800474019,NA,2.57,19.0962404481693,6.34801400119352,364.968,0,104.35888125,254.43910625,-1.36283228408261,0.2920744,8,59,3289.06179141998,322.535756260157,228.507526397705,289.606109619141,1.26738105385245,11.3314,17.971,21.9434,1.22104501697179,25.2053333918254,1.16959371589972,-2.85999989509583,101.633274564861,77.1753605837822,7.69000005722046,410.339996337891,54.0821882712205,16.2167964870745
"56",56,"SHO446360",44.7826086956522,-10.4347826086957,-149.794118510787,0.0625,3,"SHO446",-0.041596,27.8948,2187,-2.62817,268.839996,11.1,18.2,1,0,246.91,-149.794118510787,NA,4.03181818181818,22.4852613243983,2.21013878314652,458.171194318182,274.772714772727,887.215168956611,1643.67983489153,-1.36283228408261,1.0080766275,22,60,3289.06179141998,322.535756260157,228.507526397705,289.606109619141,1.26738105385245,11.3314,17.971,21.9434,1.22104501697179,25.2053333918254,1.16959371589972,-2.85999989509583,101.633274564861,77.1753605837822,7.69000005722046,410.339996337891,54.0821882712205,18.6081945426376
"57",57,"SPR1575",27.0175438596491,-11.5763157894737,-167.260360946398,0,0,"SPR1575",0.984669,20.2258,2150.780029,-34.2397,284.381989,10,21.2,0.466359767769288,0.525683008241976,632.13,-123.990760714599,-226.756061265121,5.23631578947368,25.4715409111728,1.77936060597029,626.006237719298,528.560331578947,1841.03805175439,4488.80862192982,-1.92908142720123,3.568335555,57,61,3746.88712406158,362.512110829353,244.306900024414,299.677253723145,1.22664261096677,12.19572,19.2666,22.6433,1.17526185211714,27.6386665980021,1.13464231348333,-3.72000002861023,70.4672195536852,52.0953993096352,8.02000045776367,309.529998779297,35.9636059501807,18.048495786607
"58",58,"SPR1575120",35.3260869565217,-9.89130434782609,-113.567681500661,0.0869565217391304,6,"SPR1575",0.986768,17.4967,2149.850098,-40.074501,284.381989,9.6,23.8,0.385406839622641,0.596801297169811,678.4,-170.23828596422,-33.0357698945513,5.27130434782609,25.3393292343359,1.81884387681032,632.148042391304,357.628422826087,1485.64492391304,3446.62373043478,-1.92908142720123,2.907980995,46,62,3746.88712406158,362.512110829353,244.306900024414,299.677253723145,1.22664261096677,12.19572,19.2666,22.6433,1.17526185211714,27.6386665980021,1.13464231348333,-3.72000002861023,70.4672195536852,52.0953993096352,8.02000045776367,309.529998779297,35.9636059501807,17.5931887165384
"59",59,"SPR1575240",23.9285714285714,-15.8928571428571,-185.760097627543,0.0125,1,"SPR1575",0.987943,6.17747,2142.919922,-34.2397,287.589996,11.6,17.2,0.733813530021897,0.263835426990895,867.7,-208.690393019038,-101.682347858728,6.01178571428571,23.3452758564572,1.76050642932054,593.669707142857,498.858949107143,1907.20712321429,3649.38706071429,-1.92908142720123,3.32465036,56,63,3746.88712406158,362.512110829353,244.306900024414,299.677253723145,1.22664261096677,12.19572,19.2666,22.6433,1.17526185211714,27.6386665980021,1.13464231348333,-3.72000002861023,70.4672195536852,52.0953993096352,8.02000045776367,309.529998779297,35.9636059501807,19.2471024951684
"60",60,"SPR1575360",46.969696969697,-13.7878787878788,-185.318086063685,0.219512195121951,9,"SPR1575",0.993846,25.3759,2172,-15.9917,284.381989,12.2,21.2,0.430878805284319,0.549707064905227,435.25,-188.345641709079,-180.019863684247,4.60818181818182,28.2453177650348,2.23944020804136,749.8452,289.775906060606,1421.90658333333,2862.83002424242,-1.92908142720123,2.47458916,33,64,3746.88712406158,362.512110829353,244.306900024414,299.677253723145,1.22664261096677,12.19572,19.2666,22.6433,1.17526185211714,27.6386665980021,1.13464231348333,-3.72000002861023,70.4672195536852,52.0953993096352,8.02000045776367,309.529998779297,35.9636059501807,31.4870035396832
"61",61,"SPR1620",51.9565217391304,-31.1594202898551,-252.924636237292,0.121621621621622,9,"SPR1620",-0.999795,11.6905,2187.820068,69.512497,271.747009,7.6,38,0.734475606736008,0.256547176820208,646.08,-290.831775995914,-29.2725116614236,3.53114285714286,18.5256424920423,1.78639611973695,355.174964071429,297.196901428571,1227.47870757143,2716.51360114286,-2.0337777829556,2.4863247485,70,65,3448.80318069458,334.669347941875,230.172222137451,284.635101318359,1.23661794926924,12.8036,20.3749,23.6737,1.16190508910473,27.8973333358765,1.13738467975471,-2.74000000953674,69.0885079162478,51.7372606201172,8.60999965667725,305.609985351562,35.9735967466036,16.4088507215859
"62",62,"SPR1620120",65.28,-28.78,-242.822442677868,0.408163265306122,20,"SPR1620",-0.964143,10.3164,2188.030029,84.404999,280.084015,15.3,38,0.175707441711913,0.68700734589588,1565.5,-256.268699318189,-200.242629983518,3.3864,29.6332631716366,2.21255366653239,1140.638668,367.03096,1747.818315,5523.950627,-2.0337777829556,5.70329334,50,66,3448.80318069458,334.669347941875,230.172222137451,284.635101318359,1.23661794926924,12.8036,20.3749,23.6737,1.16190508910473,27.8973333358765,1.13738467975471,-2.74000000953674,69.0885079162478,51.7372606201172,8.60999965667725,305.609985351562,35.9735967466036,18.6686905908889
"63",63,"SPR1620240",52.0238095238095,-21.2345238095238,-317.405571396935,0.0930232558139535,4,"SPR1620",0.729764,16.836201,2184.280029,78.561996,271.747009,8.8,38,0.211095129649606,0.721802708857725,1501.74,-319.999504612764,-313.190429921213,3.59119047619048,31.9633369673256,2.40139143183959,1112.99281190476,410.662283333333,2445.09258095238,5100.08425595238,-2.0337777829556,4.67466981,42,67,3448.80318069458,334.669347941875,230.172222137451,284.635101318359,1.23661794926924,12.8036,20.3749,23.6737,1.16190508910473,27.8973333358765,1.13738467975471,-2.74000000953674,69.0885079162478,51.7372606201172,8.60999965667725,305.609985351562,35.9735967466036,27.989286636885
"64",64,"SPR1620360",60.4464285714286,-36.0714285714286,-277.625456657241,0.0423728813559322,5,"SPR1620",-0.999573,25.560801,2168.159912,48.157001,234.772995,11.2,38,0.906778865338122,0.0900875525197756,852.06,-293.698259388736,6.32739159917006,3.95424528301887,16.2204220587302,1.40231871130482,242.194568867925,376.092685377359,1311.55208018868,2838.26799481132,-2.0337777829556,2.56736243,106,68,3448.80318069458,334.669347941875,230.172222137451,284.635101318359,1.23661794926924,12.8036,20.3749,23.6737,1.16190508910473,27.8973333358765,1.13738467975471,-2.74000000953674,69.0885079162478,51.7372606201172,8.60999965667725,305.609985351562,35.9735967466036,18.8733276915584
"65",65,"SS256",8.95833333333333,-5.625,-56.6967589346686,0,0,"SS256",0.976129,4.72214,2030.160034,0.322266,308.55899,13.9,33.86666667,0.232880027101583,0.7650389585249,206.63,0,-80.0424832018851,3.44125,18.9452039710265,3.21978044750865,347.130270833333,147.965958333333,290.36266875,721.090533333333,-0.927273134913447,0.83321265,24,69,3104.49944591522,303.004230409861,222.746608734131,276.00838470459,1.23911374576316,11.89794,18.9835,23.3485,1.22993652382332,27.0183331171672,1.14810933462264,-4.28000020980835,83.961985743475,64.6556989583969,7.59999990463257,355.429992675781,41.9477613053958,6.05762045298044
"66",66,"SS256120",32.4509803921569,-8.92156862745098,-138.117724769281,0.0483870967741935,3,"SS256",0.888994,7.12525,2031.579956,-16.008301,308.049011,10.7,40,0.344170581693561,0.65353714168993,881.22,-114.737493904499,-154.483886374628,5.0702,28.864749857054,2.1571929459786,792.536,419.441985,2206.122709,4397.313305,-0.927273134913447,3.96278,50,70,3104.49944591522,303.004230409861,222.746608734131,276.00838470459,1.23911374576316,11.89794,18.9835,23.3485,1.22993652382332,27.0183331171672,1.14810933462264,-4.28000020980835,83.961985743475,64.6556989583969,7.59999990463257,355.429992675781,41.9477613053958,18.6132047427992
"67",67,"SS256240",17.4390243902439,-11.8292682926829,-120.319554285527,0,0,"SS256",0.930159,4.01013,2027.089966,4.1488,308.037994,14.5,39.2,0.2736340172361,0.720372719716523,457.18,-57.3992242849054,-160.588565485925,3.31707317073171,16.5816468110112,2.23307095411639,269.418126829268,100.250052439024,579.738008536585,1176.0490902439,-0.927273134913447,1.10471432,41,71,3104.49944591522,303.004230409861,222.746608734131,276.00838470459,1.23911374576316,11.89794,18.9835,23.3485,1.22993652382332,27.0183331171672,1.14810933462264,-4.28000020980835,83.961985743475,64.6556989583969,7.59999990463257,355.429992675781,41.9477613053958,29.8777185068878
"68",68,"SS256360",25.5813953488372,-9.65116279069767,-94.7518971398224,0.0128205128205128,1,"SS256",0.953394,1.92946,2032.550049,5.71069,308.55899,17.6,22.4,0.411202405885828,0.585924493851028,372.42,-112.631075945337,-80.5975472521231,3.99348837209302,18.6271402677341,1.73594147403905,333.942286046512,256.170510465116,1409.56023953488,2772.67129883721,-0.927273134913447,1.43605183,43,72,3104.49944591522,303.004230409861,222.746608734131,276.00838470459,1.23911374576316,11.89794,18.9835,23.3485,1.22993652382332,27.0183331171672,1.14810933462264,-4.28000020980835,83.961985743475,64.6556989583969,7.59999990463257,355.429992675781,41.9477613053958,30.7295701873403
"69",69,"SS32",35,-16.25,-227.281941368141,0.0277777777777778,1,"SS32",0.598586,18.261801,1912.300049,-29.702499,228.697998,16.3,25.6,0.342165372316126,0.656514897720928,394.02,-296.630540137169,-182.409318635242,3.57143333333333,34.6969286137411,2.20674607408664,1211.378559,526.853796666667,1634.26428666667,3806.17821333333,-1.25607062863187,1.8171678385,15,73,2486.91682529449,243.866085410118,181.449630737305,238.438331604004,1.31407449348412,12.57378,19.6143,23.9874,1.22295468102354,28.8400001525879,1.13938975161215,-4.19000005722046,71.2508100115061,54.0080191206932,7.94999980926514,294.480010986328,35.0050101538181,19.6431405972728
"70",70,"SS32120",26.5833333333333,-11.5833333333333,-98.7614247962564,0.0882352941176471,6,"SS32",0.723691,22.709999,1927.699951,-38.628101,267.062012,12.6,29.8,0.361651104648196,0.63297447148664,587.97,-105.179009477432,-93.5106736934763,3.6255,21.0782202289174,2.05353756663319,451.640305,141.199258333333,1317.79125,3130.44653083333,-1.25607062863187,2.70994183,60,74,2486.91682529449,243.866085410118,181.449630737305,238.438331604004,1.31407449348412,12.57378,19.6143,23.9874,1.22295468102354,28.8400001525879,1.13938975161215,-4.19000005722046,71.2508100115061,54.0080191206932,7.94999980926514,294.480010986328,35.0050101538181,18.760898403381
"71",71,"SS32240",36.0714285714286,-17.4107142857143,-250.257233537724,0.0161290322580645,1,"SS32",0.59576,23.1577,1897.579956,-54.537201,267.062012,11.8,30.6,0.260954767013531,0.724459548290275,806.27,-303.823394714899,-222.750285906202,3.83490909090909,26.3753695901085,1.92664910987789,641.900518818182,435.875556090909,1897.18819127273,4412.567976,-1.25607062863187,3.5305528535,55,75,2486.91682529449,243.866085410118,181.449630737305,238.438331604004,1.31407449348412,12.57378,19.6143,23.9874,1.22295468102354,28.8400001525879,1.13938975161215,-4.19000005722046,71.2508100115061,54.0080191206932,7.94999980926514,294.480010986328,35.0050101538181,18.8690207276594
"72",72,"SS32360",42.9775280898876,-15.5056179775281,-177.428891099613,0.104166666666667,10,"SS32",0.472415,21.004999,1906.459961,-29.702499,228.697998,14.2,26.8,0.239228315927709,0.759281262376754,959.46,-140.646771867584,-192.608813322355,3.14025316455696,21.4212223193533,1.59045218403598,461.730408734177,385.739063291139,1757.51056544304,4259.03253822785,-1.25607062863187,3.647770229,79,76,2486.91682529449,243.866085410118,181.449630737305,238.438331604004,1.31407449348412,12.57378,19.6143,23.9874,1.22295468102354,28.8400001525879,1.13938975161215,-4.19000005722046,71.2508100115061,54.0080191206932,7.94999980926514,294.480010986328,35.0050101538181,19.6987206839549
"73",73,"SS452",35.1190476190476,-29.047619047619,-300.158059900708,0,0,"SS452",0.981108,18.854099,2186.570068,56.686001,335.234985,12,17.8,0.822795517022626,0.17707231972933,378.32,-318.941846966918,-220.326964869319,4.00780487804878,21.7230161406733,1.84144777941645,422.844462195122,476.500935365854,1231.48923658537,1969.29695121951,-1.08691830366593,1.733762295,41,77,3313.22146034241,319.966529905796,226.106159210205,279.450508117676,1.23592612025167,11.8312,18.6102,23.0883,1.24062610826321,27.9463333765666,1.13503259572335,-5.26999998092651,68.3508921306849,48.4657395009994,7.42000007629395,290.320007324219,32.9175532967965,16.6852751262047
"74",74,"SS452120",30.4545454545455,-22.7272727272727,-264.154079631086,0,0,"SS452",0.687024,11.8545,2188.620117,45.545399,335.234985,11.4,21.6,0.754557099221598,0.240647682858738,304.47,-316.641733550971,-159.178771791318,3.46212121212121,22.3441377215521,2.59457809180896,482.969584848485,244.789404545455,941.388889393939,1849.43882878788,-1.08691830366593,1.59389963,33,78,3313.22146034241,319.966529905796,226.106159210205,279.450508117676,1.23592612025167,11.8312,18.6102,23.0883,1.24062610826321,27.9463333765666,1.13503259572335,-5.26999998092651,68.3508921306849,48.4657395009994,7.42000007629395,290.320007324219,32.9175532967965,16.9394819671389
"75",75,"SS452240",24.7115384615385,-12.1153846153846,-115.294591257947,0,0,"SS452",0.99987,14.1208,2168.870117,55.404999,339.997009,11.4,30.2,0.451444744290134,0.521384848285395,759.65,-147.93500015161,-41.8536712472073,4.54038461538462,23.5342833826183,1.76640933178265,586.38715,705.973446153846,2717.13287884615,5059.36334423077,-1.08691830366593,3.04931318,52,79,3313.22146034241,319.966529905796,226.106159210205,279.450508117676,1.23592612025167,11.8312,18.6102,23.0883,1.24062610826321,27.9463333765666,1.13503259572335,-5.26999998092651,68.3508921306849,48.4657395009994,7.42000007629395,290.320007324219,32.9175532967965,16.9394819671389
"76",76,"SS452360",25.3448275862069,-13.2758620689655,-181.591570220547,0.0588235294117647,2,"SS452",0.101015,11.0535,2208.320068,56.686001,335.490997,8.8,8.6,0.666038117044919,0.331571149572362,296.98,-247.968265583466,-87.5579184564103,2.89344827586207,24.5158051891389,2.63264563159154,561.670477586207,474.70465862069,903.473282758621,1965.09753793103,-1.08691830366593,1.628944385,29,80,3040.07475280762,294.470942676067,211.188762664795,266.227874755859,1.2606157230933,11.8312,18.6102,23.0883,1.24062610826321,27.9463333765666,1.13503259572335,-5.26999998092651,68.3508921306849,48.4657395009994,7.42000007629395,290.320007324219,32.9175532967965,14.3049916022624
"77",77,"SS604",18.3333333333333,-2.08333333333333,-3.89039041771559,0,0,"SS604",-0.762957,36.495899,2224.429932,38.305698,223.054001,11.8,14,0.625262590896849,0.370751413950983,185.65,107.357519304339,-115.138300139771,4.67583333333333,26.4517028989596,2.9074019102484,645.333454166667,68.4421875,933.267529166667,2250.42360833333,-1.11752138368343,0.774500145,12,81,3188.37257671356,305.712294608355,216.363651275635,269.249572753906,1.24443071267501,11.98386,19.1877,23.624,1.23120540763093,27.1843333562215,1.13741983925522,-4.46000003814697,72.8032580403924,51.2470395131111,7.78000020980835,312.390014648438,35.2288686786572,18.8892540395723
"78",78,"SS604120",30.7692307692308,-10,-198.178144891016,0.111111111111111,2,"SS604",-0.755437,31.924999,2200.070068,36.4133,212.337006,14.2,24.2,0.191520536938129,0.73110554426431,211.57,-44.3645894527335,-444.279833592269,4.05916666666667,26.4709118382689,3.71898372102691,794.847170833333,37.4870208333333,558.859816666667,1422.07329166667,-1.11752138368343,0.953916605,12,82,3188.37257671356,305.712294608355,216.363651275635,269.249572753906,1.24443071267501,11.98386,19.1877,23.624,1.23120540763093,27.1843333562215,1.13741983925522,-4.46000003814697,72.8032580403924,51.2470395131111,7.78000020980835,312.390014648438,35.2288686786572,6.8202836545355
"79",79,"SS604240",27.7272727272727,-9.31818181818182,-125.894673679752,0.0344827586206897,1,"SS604",-0.819894,43.5023,2230.409912,36.4133,276.766998,10.1,7.4,0.612155534796824,0.385275572162541,342.56,-123.042489368628,-132.00649720359,4.76952380952381,28.607881521371,3.13611203363781,713.328004761905,86.1115095238095,1096.05139047619,2103.68038095238,-1.11752138368343,1.49808881,21,83,3188.37257671356,305.712294608355,216.363651275635,269.249572753906,1.24443071267501,11.98386,19.1877,23.624,1.23120540763093,27.1843333562215,1.13741983925522,-4.46000003814697,72.8032580403924,51.2470395131111,7.78000020980835,312.390014648438,35.2288686786572,16.234930664386
"80",80,"SS604360",25.625,-11.5625,-229.368952537029,0,0,"SS604",-0.761212,32.8601,2222.060059,38.305698,223.054001,7.7,18,0.647254632807138,0.346739876458476,291.4,-203.100944818097,-308.172975693823,5.425,34.8031725809446,3.56180552189721,1124.71169375,0,1046.73371875,2861.128259375,-1.11752138368343,1.79963871,16,84,3188.37257671356,305.712294608355,216.363651275635,269.249572753906,1.24443071267501,11.98386,19.1877,23.624,1.23120540763093,27.1843333562215,1.13741983925522,-4.46000003814697,72.8032580403924,51.2470395131111,7.78000020980835,312.390014648438,35.2288686786572,3.74539324093935
"81",81,"TOI1577",24,-16.2222222222222,-155.875961594714,0.0645161290322581,4,"TOI1577",0.284746,25.362,2134.48999,6.60327,169.998993,11.5,41.8,0.966561332950302,0.0261131858661304,348.1,-156.0218600242,NA,4.88,20.5050181880748,2.14764907795976,450.877901333333,250.403903555556,705.082358,1934.72701044444,-2.15323705607725,2.029050556,45,85,3175.93288040161,308.264268696308,213.241016387939,267.138854980469,1.25275549472375,12.91598,20.6711,24.0149,1.16176207361969,28.3026666641235,1.13982186570519,-2.49000000953674,71.5177637466997,54.5261796257496,8.68000030517578,317.190002441406,38.3118361027877,16.8853715309608
"82",82,"TOI1577360",61.3917525773196,-20.0515463917526,-197.979426665459,0.364485981308411,39,"TOI1577",0.436857,19.5249,2123.179932,6.60327,179.824997,11.6,20.8,0.605671183126135,0.340880519117703,787.49,-267.435591866839,-83.2793536532767,4.67491981672394,23.1156203205793,1.3416721770095,536.884110824742,835.305753298969,2915.74182675258,7099.5359077835,-2.15323705607725,5.207875875,97,86,3175.93288040161,308.264268696308,213.241016387939,267.138854980469,1.25275549472375,12.91598,20.6711,24.0149,1.16176207361969,28.3026666641235,1.13982186570519,-2.49000000953674,71.5177637466997,54.5261796257496,8.68000030517578,317.190002441406,38.3118361027877,18.8773828311554
"83",83,"TOI1596",24.0277777777778,-13.1944444444444,-203.975123920614,0.0697674418604651,3,"TOI1596",0.080746,21.5247,2280.399902,66.264397,239.953003,14.9,26.4,1,0,494.63,-203.975123920614,NA,4.63083333333333,26.3238915921079,2.52648255126858,688.581720833333,186.902176388889,921.731518055556,2477.06052222222,-1.94585646135633,2.478994195,36,87,2642.18283939362,258.092179954052,180.931201934814,242.960289001465,1.34283244903772,12.2718,19.616,22.861,1.16542618270799,27.7380000432332,1.13670778850321,-3.25,76.9462520967722,59.3902802252769,8.15999984741211,337.100006103516,40.4174112307072,18.9111531327053
"84",84,"TOI1596120",40.3947368421053,-22.8289473684211,-280.322123934918,0.159574468085106,15,"TOI1596",-0.017616,23.792601,2250.780029,0.471191,245.602997,14.9,20.8,1,0,687.87,-291.842211219914,NA,4.68723684210526,23.6712977511322,1.63758096858163,531.262782519737,612.989642763158,2227.81936203289,5015.50682219079,-1.94585646135633,4.03769714715,76,88,3134.64733028412,303.739129334688,203.471092224121,267.511856079102,1.31474133821644,12.2718,19.616,22.861,1.16542618270799,27.7380000432332,1.13670778850321,-3.25,76.9462520967722,59.3902802252769,8.15999984741211,337.100006103516,40.4174112307072,18.9111531327053
"85",85,"TOI1596240",58.1132075471698,-19.4339622641509,-195.891480585567,0.303030303030303,20,"TOI1596",-0.28572,19.510099,2279.560059,25.173599,264.92099,12.3,31.4,0.819164926931106,0.151127348643006,479,-201.590108666128,NA,4.35153846153846,26.3948443004883,1.95920572678259,772.972185027473,524.565750961538,1812.26749450549,4924.67173296703,-1.94585646135633,4.01955536214286,52,89,3134.64733028412,303.739129334688,203.471092224121,267.511856079102,1.31474133821644,12.2718,19.616,22.861,1.16542618270799,27.7380000432332,1.13670778850321,-3.25,76.9462520967722,59.3902802252769,8.15999984741211,337.100006103516,40.4174112307072,18.5373493892447
"86",86,"TOI1596360",12.5,-10,-129.178694806214,0,0,"TOI1596",-0.004395,13.4653,2294.959961,100.115997,239.953003,6.9,21,1,0,234.15,-129.178694806214,NA,3.42578947368421,22.8047532316148,3.19559341540241,559.318284210526,29.3577605263158,740.350026315789,1636.31721315789,-1.94585646135633,1.06280474,19,90,2642.18283939362,258.092179954052,180.931201934814,242.960289001465,1.34283244903772,12.2718,19.616,22.861,1.16542618270799,27.7380000432332,1.13670778850321,-3.25,76.9462520967722,59.3902802252769,8.15999984741211,337.100006103516,40.4174112307072,25.5889762012936
"87",87,"TOI533",19.2045454545455,-7.84090909090909,-116.261587132285,0.0181818181818182,1,"TOI533",-0.067965,15.0828,2115.040039,49.785198,187.639999,13.4,25,0.475520125336958,0.524180356196576,434.03,-67.3344968445173,-165.188677420053,4.52295454545455,24.7861047974505,2.01929110924041,619.256348863636,333.636239772727,1277.0438875,2652.05434772727,-1.56846829391758,2.724827935,44,91,3318.80323791504,315.410981893539,218.048229217529,268.107879638672,1.22958063269205,12.53976,19.9864,24.7794,1.23981307288956,27.839999961853,1.13577589377011,-3.29999995231628,64.709294119966,48.6460798740387,8.39000034332275,282.859985351562,32.3830526241144,17.7859586758576
"88",88,"TOI533120",21.8367346938776,-7.04081632653061,-152.447937521811,0,0,"TOI533",0.05144,23.443001,2135.429932,49.785198,223.835007,16.4,33.4,0.713977347141714,0.266547015595062,412.31,-270.246225406658,-19.2846555650264,4.288125,23.9900126200337,1.876492266742,597.030114583333,329.0896625,1567.05167083333,3390.77397395833,-1.56846829391758,2.86584455,48,92,3318.80323791504,315.410981893539,218.048229217529,268.107879638672,1.22958063269205,12.53976,19.9864,24.7794,1.23981307288956,27.839999961853,1.13577589377011,-3.29999995231628,64.709294119966,48.6460798740387,8.39000034332275,282.859985351562,32.3830526241144,19.8847297703438
"89",89,"TOI533240",25.6603773584906,-5.37735849056604,-47.3107635794751,0.0138888888888889,1,"TOI533",0.30919,14.8268,2109.469971,25.157,200.126007,12.3,19.4,0.236650250126032,0.762865009500911,515.74,-41.4226405500323,-49.224403564044,3.72188679245283,19.432962035279,1.68323864847698,409.415268867925,261.853190566038,1063.35344622642,2318.31354339623,-1.56846829391758,2.170000925,53,93,3318.80323791504,315.410981893539,218.048229217529,268.107879638672,1.22958063269205,12.53976,19.9864,24.7794,1.23981307288956,27.839999961853,1.13577589377011,-3.29999995231628,64.709294119966,48.6460798740387,8.39000034332275,282.859985351562,32.3830526241144,16.7664947136247
"90",90,"TOI533360",9.86486486486486,-2.7027027027027,-49.9938463741434,0,0,"TOI533",-0.421272,13.6401,2100.800049,28.8018,187.639999,14.1,30,0.141607580677225,0.858326154661719,301.82,-37.2150532214344,-51.9905328042542,4.06138888888889,25.4609863214428,2.45442200608887,599.504936111111,50.4685222222222,592.355766666667,1802.74007083333,-1.56846829391758,2.15831777,36,94,3318.80323791504,315.410981893539,218.048229217529,268.107879638672,1.22958063269205,12.53976,19.9864,24.7794,1.23981307288956,27.839999961853,1.13577589377011,-3.29999995231628,64.709294119966,48.6460798740387,8.39000034332275,282.859985351562,32.3830526241144,18.5922620369005
"91",91,"WHIS25",33.4905660377358,-19.7169811320755,-224.661673068943,0.0196078431372549,2,"WHIS25",-0.508759,9.96816,2008.900024,12.0414,284.536987,10.8,20.8,0.566274860050079,0.430886269756463,627.01,-251.021853801524,-181.167374860184,4.28735849056604,21.6567816788326,1.54203888479524,430.013668867925,355.790882075472,1692.05585237736,3976.77698260377,-1.14364687610974,2.279172445,53,95,3667.26158046722,356.028111994267,236.405380249023,285.82633972168,1.20905175432385,12.2677,19.3927,23.4129,1.20730481057305,28.1763333002726,1.1367695873681,-4.17999982833862,64.0488940972567,42.0878003754616,7.86999988555908,278.609985351562,30.8803040562789,30.8794771713249
"92",92,"WHIS25120",33.375,-20,-173.515185644938,0.040983606557377,5,"WHIS25",-0.289974,15.1974,2018.550049,18.843,284.536987,17.4,27.4,0.482555289066744,0.501358209548544,754.67,-169.585848526363,-180.425399198295,3.600875,17.9991934561144,1.27251983846769,340.877320625,517.127483125,1729.1261725,3580.57320375,-1.14364687610974,2.727118565,80,96,3667.26158046722,356.028111994267,236.405380249023,285.82633972168,1.20905175432385,12.2677,19.3927,23.4129,1.20730481057305,28.1763333002726,1.1367695873681,-4.17999982833862,64.0488940972567,42.0878003754616,7.86999988555908,278.609985351562,30.8803040562789,8.0340328226012
"93",93,"WHIS25240",32.5892857142857,-26.9642857142857,-276.247288134325,0.0285714285714286,3,"WHIS25",0.202377,10.9753,2011.859985,12.0414,284.536987,11.2,35.8,0.550796012243711,0.447835975307375,584.79,-255.806659874013,-303.501459148076,3.50011437908497,19.5236934309816,2.22625176618855,347.823198511111,203.522588888889,1141.08544907407,2576.80017073333,-1.14364687610974,1.87834527196,54,97,3667.26158046722,356.028111994267,236.405380249023,285.82633972168,1.20905175432385,12.2677,19.3927,23.4129,1.20730481057305,28.1763333002726,1.1367695873681,-4.17999982833862,64.0488940972567,42.0878003754616,7.86999988555908,278.609985351562,30.8803040562789,7.07334437053595
"94",94,"WHIS25360",28.3333333333333,-20.3125,-209.441790786814,0.0121951219512195,1,"WHIS25",-0.555386,8.61278,2001.449951,-0.603271,296.257996,5,14.2,0.385914885459599,0.600210869356848,417.32,-171.598120123691,-258.097938782257,4.49291666666667,20.0566688419655,1.64811296754963,396.32196875,388.344976601563,1466.20194809896,2735.69456898438,-1.14364687610974,1.90244545,48,98,3667.26158046722,356.028111994267,236.405380249023,285.82633972168,1.20905175432385,12.2677,19.3927,23.4129,1.20730481057305,28.1763333002726,1.1367695873681,-4.17999982833862,64.0488940972567,42.0878003754616,7.86999988555908,278.609985351562,30.8803040562789,11.3283954540451
"95",95,"WHIS64",11.875,5.625,-81.080111758444,0,0,"WHIS64",0.992673,19.721901,2285.439941,14.2231,274.941986,8.7,17.2,1,0,142.66,19.5316588048064,NA,3.63875,28.8676920666697,4.60796150027577,876.6938875,367.274025,793.95685,2154.11359375,-1.10780510230172,0.70145511,8,99,3227.76234722137,307.891184419394,213.132102966309,267.027412414551,1.25287278968369,11.673,18.6247,22.7287,1.22035254259129,27.0406667073568,1.1386553907397,-3.69000005722046,73.8817416825533,49.7992390165329,7.57999992370605,320.399993896484,36.1281132507722,17.6290953435384
"96",96,"WHIS64120",24.5,-22.5,-394.025069616115,0,0,"WHIS64",0.811017,16.245701,2258.120117,-10,258.661987,6.5,15.8,0.583760852407261,0.409234411996843,202.72,-293.973943903546,NA,4.74,32.9963188055216,3.69873455543483,916.053395,0,704.929215,1096.845175,-1.10780510230172,0.916153395,10,100,3227.76234722137,307.891184419394,213.132102966309,267.027412414551,1.25287278968369,11.673,18.6247,22.7287,1.22035254259129,27.0406667073568,1.1386553907397,-3.69000005722046,73.8817416825533,49.7992390165329,7.57999992370605,320.399993896484,36.1281132507722,15.1314523794883
"97",97,"WHIS64240",21.6666666666667,-20.8333333333333,-228.285628485846,0,0,"WHIS64",0.995819,22.5313,2272.669922,14.2231,274.941986,6.5,24.6,1,0,74.58,-228.285628485846,NA,3.93666666666667,21.4945585950961,6.07729257284059,465.177916666667,0,0,139.269466666667,-1.10780510230172,0.27920675,6,101,3227.76234722137,307.891184419394,213.132102966309,267.027412414551,1.25287278968369,11.673,18.6247,22.7287,1.22035254259129,27.0406667073568,1.1386553907397,-3.69000005722046,73.8817416825533,49.7992390165329,7.57999992370605,320.399993896484,36.1281132507722,15.1314523794883
"98",98,"WHIS64360",11.25,-10,-113.331076504872,0,0,"WHIS64",0.942482,16.253799,2302.439941,32.289299,278.065002,8,16.6,0.825749559082892,0.171957671957672,56.7,-117.746572992074,NA,3.70625,23.7814796549231,5.6566029453757,520.44813125,0,19.50823125,307.21858125,-1.10780510230172,0.416458505,8,102,3227.76234722137,307.891184419394,213.132102966309,267.027412414551,1.25287278968369,11.673,18.6247,22.7287,1.22035254259129,27.0406667073568,1.1386553907397,-3.69000005722046,73.8817416825533,49.7992390165329,7.57999992370605,320.399993896484,36.1281132507722,16.6555870729854
